record_id,member_id,nickname,total_kills,total_deaths,kill_delta,death_delta,delta_kd,channel_id,discord_user_id,message_id,image_url,ocr_text,confidence,status,created_at
outlaw_063873fa-e0db-4e0f-9204-3c9c25205e5f,,영포티,236,422,0,0,0.00,1526900240186216659,533679079388610560,1526924752134869122,https://cdn.discordapp.com/attachments/1526900240186216659/1526924751677948154/50DD5001-B52C-46EA-A129-6C8AA0385F34.png?ex=6a58cafd&is=6a57797d&hm=92d9aeade982f27a4972f631a982071eaaef4dcd715996247c0dcc5981510e36&,"422
67341
83
603
무법지대 데스
채광
압수된 불법 물품
잠금 해제한 문
6453
2630
택배 배달
채집
6629
절도
23560
낚시
17445
아이템 감정
60790
벌목
16
수감
236
무법지대 킬",0.98,approved,2026-07-15 21:13:53
outlaw_b57db8c9-e2dc-408a-93ab-b8b5fa506c71,,조창봉,842,713,0,0,0.00,1511622029755809822,338900767488606211,1526950886893551850,https://cdn.discordapp.com/attachments/1511622029755809822/1526950886771785729/2026-07-15_225731.png?ex=6a58e354&is=6a5791d4&hm=0303acae914785bbc76d5fdcb3d5933632b31fe76ac74fb201f3ae3462a1967c&,"713
무법지대 데스
842
무법지대 킬",0.99,approved,2026-07-15 22:57:44
outlaw_7dacc7d9-30ad-496e-a854-3bac1f6ee6d7,,구만집,327,244,0,0,0.00,1511622029755809822,386043747227402245,1526951960564076565,https://cdn.discordapp.com/attachments/1511622029755809822/1526951960144777277/2026-07-15_230108.png?ex=6a58e454&is=6a5792d4&hm=7ebef5f3e1769678c6da4e39149045f2693d801c20a52d4aa4ef67bfb34cc526&,"388
37
잠금 해제한 문
수감
244
439
무법지대 데스
채집
1818
제작
327
무법지대 킬
7707
757
아이템 감정
음료 섭취",0.99,approved,2026-07-15 23:02:00
outlaw_786ddc6e-4a17-40ed-9310-160b7d3e786d,,양파,1077,988,0,0,0.00,1511622029755809822,1256231097499516989,1526953727175688314,https://cdn.discordapp.com/attachments/1511622029755809822/1526953726986817576/image.png?ex=6a58e5f9&is=6a579479&hm=d34d5565ac6988005b74fa8653fa0b0697f3ed4d1c793f63b16ff3db9444adb0&,"988
무법지대 데스
2415
치료 받은
699
채집
1077
무법지대 킬",0.98,approved,2026-07-15 23:09:01
outlaw_1153456f-6983-4abf-8cda-6462190507d2,,화윤,185,510,0,0,0.00,1511622029755809822,515752022864035850,1526957545514602707,https://cdn.discordapp.com/attachments/1511622029755809822/1526957545044836442/image.png?ex=6a58e988&is=6a579808&hm=4c9fc82c1cc3cd5ce0a3f3520b9d5f30c2fb231e4052228dfda1cf6606e603e4&,"20641
1919
21147
510
무법지대 데스
아이템 감정
음료 섭취
벌목
185
12
6794
무법지대 킬
압수한 불법 물품
제작
17
채집",0.99,approved,2026-07-15 23:24:12
outlaw_f0bc446b-f81c-4711-98d7-834d871453ab,,만석침,1353,788,0,0,0.00,1511622029755809822,379225684242989058,1526957657918017546,https://cdn.discordapp.com/attachments/1511622029755809822/1526957657640931380/2026-07-15_232421.png?ex=6a58e9a3&is=6a579823&hm=32cf955ffb103648d9e11725d4c1e5c9a103429bfa7328fdbd9252459d5a1f78&,"874
아이템 개조
788
무법지대 데스
1116
잠금 해제한 문
16431
제작
516
제련
1353
무법지대 킬
9957
절도",0.99,approved,2026-07-15 23:24:38
outlaw_33fdc479-1f5e-4892-9843-45f389d6837a,,백민훈,1202,880,0,0,0.00,1511622029755809822,348387167245959180,1526958483952504983,https://cdn.discordapp.com/attachments/1511622029755809822/1526958483931664434/image.png?ex=6a58ea68&is=6a5798e8&hm=b88284152fd7dd1996f3aa0ca4e6e8c45aefb7f789d124bfd8ee141dc0789929&,"42229
벌목
1202
무법지대 킬
880
무법지대 데스
6656
택배 배달",0.98,approved,2026-07-15 23:27:55
outlaw_72d3a4ac-0584-416f-8fe3-7b1d90332ca9,,형석,115,110,0,0,0.00,1511622029755809822,275907220032716800,1526973851731497083,https://cdn.discordapp.com/attachments/1511622029755809822/1526973851357941800/2026-07-16_002833.png?ex=6a58f8b7&is=6a57a737&hm=91f5711f1f6b1fd0197befa2fbb68bf9ed284316cacabae805896db1ef9cff21&,"115
1310
110
무법지대 데스
무법지대 킬
제작",0.99,approved,2026-07-16 00:29:00
outlaw_f1ffcc12-b81f-41bf-aa0c-308929e47cdd,,김안녕*,56,347,0,0,0.00,1511622029755809822,1430242889832857631,1526974941084520598,https://cdn.discordapp.com/attachments/1511622029755809822/1526974940681863339/image.png?ex=6a58f9bb&is=6a57a83b&hm=2c28a7198112177d201f7db2dba36eb895a7ecb19fdf99f118f31b6e68a322d2&,"347
2527
56
무법지대 킬
무법지대 데스
제작",0.98,approved,2026-07-16 00:33:20
outlaw_736393fe-246d-4287-a3fc-3ee1a6509f22,,샹크스,337,614,0,0,0.00,1511622029755809822,411443825869848577,1526975372833591386,https://cdn.discordapp.com/attachments/1511622029755809822/1526975372501975180/image.png?ex=6a58fa22&is=6a57a8a2&hm=23d29fc629416b32504b521f2d1aa2191144fd42671c5016923db8ac7f5f9c78&,"275
혼수 치료
614
무법지대 데스
3033
택배 배달
4141
채집
337
무법지대 킬
17133
절도",0.98,approved,2026-07-16 00:35:02
outlaw_e6c3f192-f80c-4a09-b65b-3b179a874e31,,ෆ야미ෆ,415,738,0,0,0.00,1511622029755809822,483558977431666689,1527148968939622550,https://cdn.discordapp.com/attachments/1511622029755809822/1527148968637894656/image.png?ex=6a599bcf&is=6a584a4f&hm=ef991ba560498e9c70e14b8bea9d206af282710973b6a45a53531b257f142ad9&,"1391
치료 받은
415
무법지대 킬
10483
낚시
21848
벌목
7
14191
압수한 불법 물품
제작
738
25464
무법지대 데스
아이템 감정",0.98,approved,2026-07-16 12:04:51
outlaw_28b54286-732f-4c29-be43-591c3c6492d1,,서팔광,188,277,0,0,0.00,1511622029755809822,423122260669366283,1527281115826487306,https://cdn.discordapp.com/attachments/1511622029755809822/1527281115524632628/image.png?ex=6a5a16e1&is=6a58c561&hm=e2a254a42c01a5c935d60116ebb44c70956a0f2ff5606f5100a3e7b0542e6373&,"188
무법지대 킬
277
무법지대 데스",0.99,approved,2026-07-16 20:49:58
outlaw_5e7e6837-feb0-4b32-8095-1ec65e730106,,영포티,239,425,3,3,1.00,1511622029755809822,533679079388610560,1527564275218907177,https://cdn.discordapp.com/attachments/1511622029755809822/1527564274967515277/F514F9AA-D4C0-4C5B-A67A-59CDF72AF5A5.png?ex=6a5b1e97&is=6a59cd17&hm=41df19cd4dd411b8f554a9aeb455da7b1cc0b5f2316943dc2a64d1dc6224b258&,"425
67341
83
603
무법지대 데스
채광
압수된 불법 물품
잠금 해제한 문
6453
2630
택배 배달
채집
6629
절도
17445
아이템 감정
16
수감
63149
239
무법지대 킬
23560
낚시
벌목",0.98,approved,2026-07-17 15:35:09
outlaw_d8613fc8-a5cd-41ef-aaa4-6229230946d1,,조창봉,851,717,9,4,2.25,1511622029755809822,338900767488606211,1527565031665959063,https://cdn.discordapp.com/attachments/1511622029755809822/1527565031728742410/2026-07-17_153756.png?ex=6a5b1f4c&is=6a59cdcc&hm=47f8080512f9c2d7a984efd5d4ec4596d589d53dff432c79d5415427d5561bce&,"717
무법지대 데스
851
무법지대 킬",0.99,approved,2026-07-17 15:38:08
outlaw_e56fed69-7a03-4b82-a306-d2f4683e8b21,,서팔광,189,284,1,7,0.14,1511622029755809822,423122260669366283,1527565052742205520,https://cdn.discordapp.com/attachments/1511622029755809822/1527565052448739388/image.png?ex=6a5b1f51&is=6a59cdd1&hm=5942b716dcceb51da98fb73a94811b047e7aa64d649e1e20fb6a2e85890e4612&,"189
무법지대 킬
284
무법지대 데스",0.99,approved,2026-07-17 15:38:12
outlaw_de3355b0-d22a-4753-8d66-6b7e92861632,,형석,117,116,2,6,0.33,1511622029755809822,275907220032716800,1527565149626568744,https://cdn.discordapp.com/attachments/1511622029755809822/1527565149278310430/2026-07-17_153818.png?ex=6a5b1f68&is=6a59cde8&hm=437afedaf3eeaa8f5e77053594e4a1e81474a80ca723893fa64b3367323744fe&,"117
35
1351
116
무법지대 데스
무법지대 킬
아이템 개조
제작",0.99,approved,2026-07-17 15:38:35
outlaw_e416d692-490b-4d30-822e-098fd71bb43b,,백민훈,1204,885,2,5,0.40,1511622029755809822,348387167245959180,1527565152961040394,https://cdn.discordapp.com/attachments/1511622029755809822/1527565152667308062/image.png?ex=6a5b1f69&is=6a59cde9&hm=b8983bcf14578f6978d1c5f178247f7e027196de4ca53073858a032c10f55dd6&,"42229
벌목
1204
무법지대 킬
885
무법지대 데스
6656
택배 배달",0.98,approved,2026-07-17 15:38:37
outlaw_e9f9c6a0-6421-42d0-9c49-7725da19159f,,구만집,342,247,15,3,5.00,1511622029755809822,386043747227402245,1527565154483703838,https://cdn.discordapp.com/attachments/1511622029755809822/1527565154215264276/2026-07-17_153815.png?ex=6a5b1f69&is=6a59cde9&hm=258ccd2253b92b26cc3e0c2ece962772dc6a3c2aca4a5e642a455ca9d3a0275b&,"39
수감
247
무법지대 데스
413
1818
342
무법지대 킬
잠금 해제한 문
제작
439
채집
7707
아이템 감정
760
음료 섭취",0.99,approved,2026-07-17 15:38:38
outlaw_b534004c-3e0d-4225-b801-b9d21a3a7da8,,조창봉,860,722,9,5,1.80,1511622029755809822,338900767488606211,1527673244348579911,https://cdn.discordapp.com/attachments/1511622029755809822/1527673244222619728/2026-07-17_224756.png?ex=6a5b8414&is=6a5a3294&hm=220a633b13b0d66fc6501817d3be86059dd15bc53636473f94937e3e71bb7ced&,"722
무법지대 데스
860
무법지대 킬",0.99,approved,2026-07-17 22:48:09
outlaw_945d7374-81e3-4058-959d-ca0ccc2183ed,,양파,1091,994,14,6,2.33,1511622029755809822,1256231097499516989,1527673987851751484,https://cdn.discordapp.com/attachments/1511622029755809822/1527673987520528534/image.png?ex=6a5b84c5&is=6a5a3345&hm=ea5704f9923feef1dad988fca6f201ea975ec25fe582c99abed4602bf7b51919&,"994
무법지대 데스
2425
치료 받은
699
채집
1091
무법지대 킬",0.99,approved,2026-07-17 22:51:05
outlaw_10addfa6-7057-4252-a1f6-9f72c8daa5c4,,형석,124,123,7,7,1.00,1511622029755809822,275907220032716800,1527676169653321860,https://cdn.discordapp.com/attachments/1511622029755809822/1527676169309257808/2026-07-17_225925.png?ex=6a5b86cd&is=6a5a354d&hm=97552fc0a5239140da383b726b567071267fa002212244c71d7a12310b3e557e&,"124
35
무법지대 킬
아이템 개조
123
무법지대 데스",0.99,approved,2026-07-17 22:59:45
outlaw_110d46b4-9f80-4bf5-8d9c-c38a7502d2cd,,영포티,241,431,2,6,0.33,1511622029755809822,533679079388610560,1527678636163858452,https://cdn.discordapp.com/attachments/1511622029755809822/1527678635748888586/A9AE0F70-07BB-4C2F-A117-9DE8A6186805.png?ex=6a5b8919&is=6a5a3799&hm=b62be82895f92ad496b42665f439a3f8a4105062c55286f33e53fe32aebec508&,"431
67341
83
603
무법지대 데스
채광
압수된 불법 물품
잠금 해제한 문
6453
2630
택배 배달
채집
6629
절도
23560
낚시
17445
아이템 감정
64050
벌목
16
수감
241
무법지대 킬",0.98,approved,2026-07-17 23:09:33
outlaw_53839b64-1a3e-4e13-8c4a-724710259e36,,화윤,186,515,1,5,0.20,1511622029755809822,515752022864035850,1527678834198057041,https://cdn.discordapp.com/attachments/1511622029755809822/1527678833870766302/image.png?ex=6a5b8948&is=6a5a37c8&hm=89444d0d267974a9871d04a01c303ea119423aa7ce7b8ff40150a909f4e75adf&,"20641
24244
아이템 감정
벌목
1935
음료 섭취
186
12
7021
무법지대 킬
압수한 불법 물품
제작
515
무법지대 데스
17
채집",0.99,approved,2026-07-17 23:10:20
outlaw_462bfbf9-896b-4185-8771-49a615964ea5,,만석침,1361,796,8,8,1.00,1511622029755809822,379225684242989058,1527678831874412695,https://cdn.discordapp.com/attachments/1511622029755809822/1527678831517892688/2026-07-17_231000.png?ex=6a5b8948&is=6a5a37c8&hm=0d698cfe3705433899806410903e361c4614628d1e95b448808eb810b08f2e3e&,"874
아이템 개조
796
무법지대 데스
1119
잠금 해제한 문
16451
제작
516
제련
1361
무법지대 킬
9989
절도",0.98,approved,2026-07-17 23:10:22
outlaw_116c2a37-276f-4964-9765-c6cec343b3a2,,서팔광,193,294,4,10,0.40,1511622029755809822,423122260669366283,1527678861142265918,https://cdn.discordapp.com/attachments/1511622029755809822/1527678861100453919/image.png?ex=6a5b894f&is=6a5a37cf&hm=ada826d4c1566d778c3a5694e33b15f6080d6cdd7f6b9b0d9d3ab09f2699bbe9&,"294
무법지대 데스
193
무법지대 킬",0.98,approved,2026-07-17 23:10:26
outlaw_60787c95-8369-403d-a1e1-2fa6c05381b3,,샹크스,342,627,5,13,0.38,1511622029755809822,411443825869848577,1527678888761622568,https://cdn.discordapp.com/attachments/1511622029755809822/1527678888405111023/image.png?ex=6a5b8955&is=6a5a37d5&hm=4cae517cb32720a2397268095fa1461659ddb00d40ee81ba91b463c90f3734e0&,"277
혼수 치료
627
무법지대 데스
3033
택배 배달
4141
채집
342
무법지대 킬
17330
절도",0.98,approved,2026-07-17 23:10:33
outlaw_17af4b89-0ca7-4aa3-a83f-fd24208f9003,,구만집,354,253,12,6,2.00,1511622029755809822,386043747227402245,1527678902640578642,https://cdn.discordapp.com/attachments/1511622029755809822/1527678902183395358/2026-07-17_231010.png?ex=6a5b8959&is=6a5a37d9&hm=efe5050db55831464c700335bf2321cf8dff17e99c675ec800bb10452a91dd60&,"39
수감
253
무법지대 데스
413
1818
354
무법지대 킬
잠금 해제한 문
제작
439
채집
7952
아이템 감정
760
음료 섭취",0.99,approved,2026-07-17 23:10:37
outlaw_883da3ec-b7ca-439c-915d-a02c48e044b0,,벚꽃,171,378,0,0,0.00,1511622029755809822,731516789917483049,1527678931656900719,https://cdn.discordapp.com/attachments/1511622029755809822/1527678931346391220/image.png?ex=6a5b8960&is=6a5a37e0&hm=58170fe4d1c05645017b79f81c24c6b4b7fc413073afb63fa07679431fb77a03&,"378
21
무법지대 데스
압수한 불법물품
171
무법지대 킬",0.99,approved,2026-07-17 23:10:43
outlaw_71e957e9-ed64-461a-b11e-16d3a3cfcf3e,,백민훈,1212,892,8,7,1.14,1511622029755809822,348387167245959180,1527680697295179776,https://cdn.discordapp.com/attachments/1511622029755809822/1527680696938922126/image.png?ex=6a5b8b05&is=6a5a3985&hm=ddb18ea0c517c7b1bf9ebb33c96f086756e830f6761b24e3c97d07b89cd12b25&,"42229
벌목
1212
무법지대 킬
892
무법지대 데스
6656
택배 배달",0.97,approved,2026-07-17 23:17:44
outlaw_840faf4b-4560-41f1-99bb-1e7ffda4ff9f,,ෆ야미ෆ,415,741,0,3,0.00,1511622029755809822,483558977431666689,1527886270154412163,https://cdn.discordapp.com/attachments/1511622029755809822/1527886269831708762/image.png?ex=6a5c4a79&is=6a5af8f9&hm=e1aeaf6250a35b1f54753f23b49f8979eded6aee8ef0f082347718668bc31f1b&,"1394
치료 받은
10483
낚시
415
무법지대 킬
21848
벌목
7
14392
압수한 불법 물품
제작
741
무법지대 데스
25701
아이템 감정",0.99,approved,2026-07-18 12:54:38
outlaw_f525eead-5bd8-442e-a9be-bfd5826ed0eb,,형석,133,130,9,7,1.29,1511622029755809822,275907220032716800,1527928601968771192,https://cdn.discordapp.com/attachments/1511622029755809822/1527928601671106601/2026-07-18_154237.png?ex=6a5c71e6&is=6a5b2066&hm=0306c039b20f4662f48bd42a8a3139586346a7697c802fd8b92c7dc503f80005&,"133
무법지대 킬
130
무법지대 데스",0.99,approved,2026-07-18 15:42:49
outlaw_0f1cf669-2db3-4bdf-b53e-6ec1c0e48acc,,양파,1110,1002,19,8,2.38,1511622029755809822,1256231097499516989,1527930461190619339,https://cdn.discordapp.com/attachments/1511622029755809822/1527930460875788288/image.png?ex=6a5c73a1&is=6a5b2221&hm=3180e5dec07f395b7373a03a72cbdaec834c8ee6ef4c2038955a89e5d4f5da6a&,"1002
무법지대 데스
2429
치료 받은
699
채집
1110
무법지대 킬",0.98,approved,2026-07-18 15:50:13
outlaw_4dabc0a5-983b-4b24-bb09-55b7f4e2e5d6,,조창봉,868,731,8,9,0.89,1511622029755809822,338900767488606211,1527930955837210745,https://cdn.discordapp.com/attachments/1511622029755809822/1527930955153674250/2026-07-18_155200.png?ex=6a5c7417&is=6a5b2297&hm=fecb6f439cb6dfbe56189a94620f54846cec3999fe34ae1164cc3da1e3bfe6d1&,"731
무법지대 데스
868
무법지대 킬",0.99,approved,2026-07-18 15:52:10
outlaw_2299a10a-e295-4a7c-9183-54dcc427c793,,ෆ야미ෆ,415,747,0,6,0.00,1511622029755809822,483558977431666689,1527931027786301440,https://cdn.discordapp.com/attachments/1511622029755809822/1527931027513938121/image.png?ex=6a5c7428&is=6a5b22a8&hm=42a30494cf2b43f0467984d3b8cd02191b0d410193b4b81b1511ba7380b43879&,"1396
치료 받은
10483
낚시
7
415
무법지대 킬
21848
벌목
14408
압수한 불법 물품
제작
747
무법지대 데스
25701
아이템 감정",0.98,approved,2026-07-18 15:52:28
outlaw_8fb2a9ce-2a04-44f4-ae0f-931d4b3b8971,,만석침,1376,805,15,9,1.67,1511622029755809822,379225684242989058,1527931046845485088,https://cdn.discordapp.com/attachments/1511622029755809822/1527931046828572733/2026-07-18_155213.png?ex=6a5c742d&is=6a5b22ad&hm=66d45aee642e2089675c73af1a73a1729a20fa7fea89ac0ba7312e71a50c1406&,"875
아이템 개조
805
무법지대 데스
1142
잠금 해제한 문
16584
제작
516
제련
1376
무법지대 킬
2134
음료 섭취",0.99,approved,2026-07-18 15:52:32
outlaw_67b06608-9296-4663-8e7e-e17f1ca237c2,,영포티,242,438,1,7,0.14,1511622029755809822,533679079388610560,1527931048422412409,https://cdn.discordapp.com/attachments/1511622029755809822/1527931048137064488/F38E93A6-1ACC-4FD5-A5B8-CCE97EBF68ED.png?ex=6a5c742d&is=6a5b22ad&hm=776331cef6e7f86f3cf6a8685918d9e26136f35c326799d845263aaea79ae6f9&,"438
67341
83
603
무법지대 데스
채광
압수된 불법 물품
잠금 해제한 문
6453
2630
택배 배달
채집
6629
철도
17445
아이템 감정
23560
낚시
벌목
16
수감
65216
242
무법지대 킬",0.98,approved,2026-07-18 15:52:33
outlaw_2c07671f-888d-4a87-8a1f-055c64ddb287,,서팔광,199,302,6,8,0.75,1511622029755809822,423122260669366283,1527931077665095874,https://cdn.discordapp.com/attachments/1511622029755809822/1527931077237411980/image.png?ex=6a5c7434&is=6a5b22b4&hm=40c276da41ad3509859bfdb6ce632a5a700de123c3c98be2eb5d77c2ae775990&,"302
무법지대 데스
199
무법지대 킬",0.98,approved,2026-07-18 15:52:40
outlaw_5bec36c2-6c32-452e-9a9a-bbed83a573d4,,벚꽃,173,385,2,7,0.29,1511622029755809822,731516789917483049,1527931117049483396,https://cdn.discordapp.com/attachments/1511622029755809822/1527931116387045496/image.png?ex=6a5c743d&is=6a5b22bd&hm=56e4ac81f0099b82c9d2cb9e3682dc7d5cb52eade5362f8641079c0acf31d0f4&,"385
21
173
무법지대 데스
압수한 불법 물품
무법지대 킬",0.99,approved,2026-07-18 15:52:49
outlaw_79a9f273-02c1-4ffc-8c97-84e49fdb4f94,,백민훈,1222,900,10,8,1.25,1511622029755809822,348387167245959180,1527959336448688180,https://cdn.discordapp.com/attachments/1511622029755809822/1527959335928332408/image.png?ex=6a5c8e85&is=6a5b3d05&hm=2680e60dc6d6be4883f263dae239df8dccb0c9ef8634c4928e8ff4a1a1f948e9&,"42229
벌목
1222
무법지대 킬
900
무법지대 데스
6656
택배 배달",0.98,approved,2026-07-18 17:44:57
outlaw_38f61b3a-8a64-40cf-bf52-e2c9c8f1f99e,,벚꽃,175,385,2,0,2.00,1511622029755809822,731516789917483049,1528036461104857188,https://cdn.discordapp.com/attachments/1511622029755809822/1528036460165599322/image.png?ex=6a5cd659&is=6a5b84d9&hm=a5d8801e8b6a6d550195ea3628472ccdd0f492ad47303dd141449cfdbe5dace3&,"385
21
175
무법지대 데스
압수한 불법 물품
무법지대 킬",0.99,approved,2026-07-18 22:51:27
outlaw_073398b6-3677-4dc9-b026-17b5a207fab2,,양파,1117,1002,7,0,7.00,1511622029755809822,1256231097499516989,1528038972243050527,https://cdn.discordapp.com/attachments/1511622029755809822/1528038972012499134/image.png?ex=6a5cd8b0&is=6a5b8730&hm=7d066a01710dd2ebe3dbd21af6446235e27f62cb9f4f2023b059008c7f9e2f63&,"1002
무법지대 데스
2432
치료 받은
699
채집
1117
무법지대 킬",0.99,approved,2026-07-18 23:01:23
outlaw_859499f7-76b8-47ad-8507-b1dca887dc77,,백민훈,1228,901,6,1,6.00,1511622029755809822,348387167245959180,1528039820411015341,https://cdn.discordapp.com/attachments/1511622029755809822/1528039819979128833/image.png?ex=6a5cd97a&is=6a5b87fa&hm=e1d210fb7554c53234847c48a1ea51fad5ad1191aa4d183de4fee474313888ca&,"42235
벌목
1228
무법지대 킬
901
무법지대 데스
6656
택배 배달",0.98,approved,2026-07-18 23:04:46
outlaw_644568c0-7d6d-436a-b164-90c14dcb963d,,화윤,187,516,1,1,1.00,1511622029755809822,515752022864035850,1528040391029428314,https://cdn.discordapp.com/attachments/1511622029755809822/1528040390509465650/image.png?ex=6a5cda02&is=6a5b8882&hm=7d67f1678ae7f81bab38d034b05bcf98799803ca533c3c5ce65d8dc3046b9c6b&,"20641
1935
24612
187
무법지대 킬
아이템 감정
음료 섭취
벌목
516
12
7094
무법지대 데스
압수한 불법물품
제작
17
채집",0.99,approved,2026-07-18 23:07:03
outlaw_1de9d57e-2104-4a4e-9d57-0d6f51efc53a,,형석,142,137,9,7,1.29,1511622029755809822,275907220032716800,1528291757949845575,https://cdn.discordapp.com/attachments/1511622029755809822/1528291757664505969/2026-07-19_154542.png?ex=6a5dc41d&is=6a5c729d&hm=97062ffa3845e547975400bdeba3101c39a7518b21a04d03d043a8b1d23c2fb2&,"142
무법지대 킬
137
무법지대 데스",0.99,approved,2026-07-19 15:45:53
outlaw_b065814e-1273-4ef5-af8d-a064dff8285f,,양파,1132,1013,15,11,1.36,1511622029755809822,1256231097499516989,1528294756755443813,https://cdn.discordapp.com/attachments/1511622029755809822/1528294756491198484/image.png?ex=6a5dc6e8&is=6a5c7568&hm=55994d0f77f5c67ad33a9cee90bdad8eb7917e6bd6f4af9ad86d5a4f7af09372&,"1013
무법지대 데스
2434
치료 받은
699
채집
1132
무법지대 킬",0.99,approved,2026-07-19 15:57:48
outlaw_3ce28b96-05d3-48ab-8598-9c300590c611,,만석침,1396,815,20,10,2.00,1511622029755809822,379225684242989058,1528295333443014698,https://cdn.discordapp.com/attachments/1511622029755809822/1528295333434757250/2026-07-19_155945.png?ex=6a5dc771&is=6a5c75f1&hm=964d040cc79f5f0f6f291d5e1611c8ee94a18f39e350baa0f279defe44e37686&,"877
아이템 개조
815
무법지대 데스
1142
잠금 해제한 문
16642
제작
516
제련
1396
무법지대 킬
2134
음료 섭취",0.99,approved,2026-07-19 16:00:05
outlaw_f5e105df-cb87-48bf-90c0-58399f9d6930,,구만집,375,263,21,10,2.10,1511622029755809822,386043747227402245,1528295562229710898,https://cdn.discordapp.com/attachments/1511622029755809822/1528295561919201280/qq.png?ex=6a5dc7a8&is=6a5c7628&hm=521b7c0e36a6d9af427ca68b94a6ea917ef0f290c3d71aae676f02c05355826a&,"414
132
1818
263
무법지대 데스
잠금 해제한 문
압수된 불법 물품
제작
375
594
무법지대 킬
채집
7952
아이템 감정
760
음료 섭취",0.99,approved,2026-07-19 16:01:00
outlaw_be86c7ec-5416-4dbd-b021-aa19b6688f53,,백민훈,1239,907,11,6,1.83,1511622029755809822,348387167245959180,1528296493876776990,https://cdn.discordapp.com/attachments/1511622029755809822/1528296493637959680/image.png?ex=6a5dc886&is=6a5c7706&hm=5a6c0fab98fc6f94f047acd2225e9b0a9e28434ab95299125dcd951c8b008961&,"42235
벌목
1239
무법지대 킬
907
무법지대 데스
6656
택배 배달",0.98,approved,2026-07-19 16:04:42
outlaw_db32e161-3a9e-4c34-babb-510f74974bd8,,샹크스,352,645,10,18,0.56,1511622029755809822,411443825869848577,1528296603750760529,https://cdn.discordapp.com/attachments/1511622029755809822/1528296603520335923/image.png?ex=6a5dc8a0&is=6a5c7720&hm=143aa1b306ef9eaad4c7ad2cee1c266490268600443739f005dc41dfc37908bd&,"280
혼수 치료
645
무법지대 데스
3033
택배 배달
4871
채집
352
무법지대 킬
17756
절도",0.98,approved,2026-07-19 16:05:07
outlaw_9e03a3ae-9f80-4ed1-837b-5b227182deae,,영포티,244,446,2,8,0.25,1511622029755809822,533679079388610560,1528296624021831680,https://cdn.discordapp.com/attachments/1511622029755809822/1528296623434764378/AE832A12-D11C-4E0C-8340-8D2523CBF310.png?ex=6a5dc8a5&is=6a5c7725&hm=0c0b0be41d1d98070561a4417411fb5239a2f1e38c9c877edc6201f3dfe7eb85&,"446
67341
83
603
무법지대 데스
채광
압수된 불법 물품
잠금 해제한 문
6453
2630
택배 배달
채집
6629
절도
17445
아이템 감정
23560
66185
낚시
벌목
16
수감
244
무법지대 킬",0.98,approved,2026-07-19 16:05:13
outlaw_ac5e9219-fe72-4b64-bc58-332ddf299179,,조창봉,885,739,17,8,2.13,1511622029755809822,338900767488606211,1528296680032698468,https://cdn.discordapp.com/attachments/1511622029755809822/1528296679403425883/2026-07-19_160504.png?ex=6a5dc8b2&is=6a5c7732&hm=e332459ed00c2d0a61ab1282f2f2fc4f07b4f6bcf9b48884c66131edbe06c376&,"739
무법지대 데스
885
무법지대 킬",0.99,approved,2026-07-19 16:05:27
outlaw_9f67b8e4-4494-40d5-b317-a2977e66aac0,,ෆ야미ෆ,415,751,0,4,0.00,1511622029755809822,483558977431666689,1528297586837160017,https://cdn.discordapp.com/attachments/1511622029755809822/1528297586547490898/image.png?ex=6a5dc98b&is=6a5c780b&hm=9acfef4808a812e59ada3cdec4220f17826c3f7a5990d1ca8a5091536a86af18&,"1397
치료 받은
10483
낚시
415
무법지대 킬
21848
벌목
7
14408
압수한 불법 물품
제작
751
무법지대 데스
25743
아이템 감정",0.98,approved,2026-07-19 16:09:02
outlaw_696ccdee-85f7-4d1e-8c9e-0db7f8581c13,,구만집,384,266,9,3,3.00,1511622029755809822,386043747227402245,1528399712829571072,https://cdn.discordapp.com/attachments/1511622029755809822/1528399712464404552/WW.png?ex=6a5e28a7&is=6a5cd727&hm=403a2175997c6795ea034090921149989b64aa4e09a1cad344963e104deb2a62&,"414
132
1818
잠금 해제한 문
압수된 불법 물품
제작
384
594
무법지대 킬
채집
7952
아이템 감정
266
무법지대 데스
760
음료 섭취",0.99,approved,2026-07-19 22:54:51
outlaw_269e1fdf-c74c-480d-834b-cbcce96f8319,,형석,146,139,4,2,2.00,1511622029755809822,275907220032716800,1528400117101760532,https://cdn.discordapp.com/attachments/1511622029755809822/1528400116866613369/2026-07-19_225613.png?ex=6a5e2908&is=6a5cd788&hm=ecd30e9221cd9f15bc875992042cb4003b0ff27e406951012ad953c4c3f664a0&,"146
1514
무법지대 킬
제작
4561
아이템 감정
139
무법지대 데스",0.99,approved,2026-07-19 22:56:27
outlaw_87d81581-9ec0-4ced-8fdd-1ef6d0b6af8d,,조창봉,889,743,4,4,1.00,1511622029755809822,338900767488606211,1528401709246840843,https://cdn.discordapp.com/attachments/1511622029755809822/1528401709053776055/2026-07-19_230231.png?ex=6a5e2a83&is=6a5cd903&hm=a4a394f2f306716543937ad563826acf4404d5dc46b99e7f6ae23bda9787a005&,"743
무법지대 데스
889
무법지대 킬",0.99,approved,2026-07-19 23:02:47
outlaw_0a47ee32-ec84-4a4a-ba8a-2880b3050ff8,,양파,1140,1017,8,4,2.00,1511622029755809822,1256231097499516989,1528401842919178371,https://cdn.discordapp.com/attachments/1511622029755809822/1528401842525048922/image.png?ex=6a5e2aa3&is=6a5cd923&hm=02148a37d452cfcf6ff9a34daf9657d7087b7c09cac2d609e7b79be8906fd358&,"1017
무법지대 데스
2435
치료 받은
699
채집
1140
무법지대 킬",0.99,approved,2026-07-19 23:03:18
outlaw_8d0112aa-57b3-4554-893f-7d8bda9a46c6,,영포티,247,448,3,2,1.50,1511622029755809822,533679079388610560,1528401865086079119,https://cdn.discordapp.com/attachments/1511622029755809822/1528401864775958638/3EB14DEF-5C43-4636-8882-A14D7F1B3E04.png?ex=6a5e2aa8&is=6a5cd928&hm=f5093bd0bbd2c437fdaa8bc352349f546896fdbc89f1ad3c1d6244c91a5f94d3&,"448
67341
83
603
무법지대 데스
채광
압수된 불법 물품
잠금 해제한 문
6453
2630
택배 배달
채집
6629
절도
17445
아이템 감정
16
수감
66665
247
무법지대 킬
23560
낚시
벌목",0.98,approved,2026-07-19 23:03:24
outlaw_c5ef4bc8-3e6b-4c32-9ff7-755698139f17,,백민훈,1249,910,10,3,3.33,1511622029755809822,348387167245959180,1528401878482944001,https://cdn.discordapp.com/attachments/1511622029755809822/1528401878151598090/image.png?ex=6a5e2aac&is=6a5cd92c&hm=e271721f1c7f241ec20f85fdc42504dbd76a62c614718822d9ac140bf382f1ff&,"42235
벌목
1249
무법지대 킬
910
무법지대 데스
6656
택배 배달",0.98,approved,2026-07-19 23:03:28
outlaw_bf674e0c-6e12-4bf2-a50b-feb35e17b4d7,,만석침,1401,817,5,2,2.50,1511622029755809822,379225684242989058,1528417168344223886,https://cdn.discordapp.com/attachments/1511622029755809822/1528417168042102994/2026-07-20_000354.png?ex=6a5e38e9&is=6a5ce769&hm=c7657b504bf09e1bd1bd409d55974ad88fbd069e188775e308d9adde65d7ac96&,"882
아이템 개조
817
무법지대 데스
1168
잠금 해제한 문
16874
제작
516
제련
1401
무법지대 킬
2151
음료 섭취",0.99,approved,2026-07-20 00:04:13
outlaw_ce4f1163-8005-4b52-baab-cc22780ca0e7,,영포티,247,450,0,2,0.00,1526900240186216659,533679079388610560,1529106987063709746,https://cdn.discordapp.com/attachments/1526900240186216659/1529106986262593757/8DD5FF9A-8121-4ABC-8363-0D2DEB11A6E3.png?ex=6a60bb5a&is=6a5f69da&hm=6a7ee2c6037750bec69305e0bbb60dc1f437b314acea6288e9797887471c95a7&,"누적 레벨
19072
제작
5211
620
4128
치료 받은
음료 섭취
16226
음식 섭취
제련
450
67341
무법지대 데스
채광
6453
2630
택배 배달
채집
6661
절도
23560
낚시
168
혼수 치료
83
703
죽음
522
아이템 개조
603
압수된 불법 물품
잠금 해제한 문
17465
아이템 감정
68401
벌목
16
수감
247
무법지대 킬",0.98,approved,2026-07-21 21:45:21
outlaw_803c4be5-860a-4734-ac8e-af8987676eae,,양파,1146,1021,6,4,1.50,1511622029755809822,1256231097499516989,1529109104600023270,https://cdn.discordapp.com/attachments/1511622029755809822/1529109104327659590/image.png?ex=6a60bd53&is=6a5f6bd3&hm=571491a3f5614a2e98835011eddee002f357fb1a6a56e53d50ebed959c576642&,"1021
무법지대 데스
2441
치료 받은
699
채집
1146
무법지대 킬",0.99,approved,2026-07-21 21:53:44
outlaw_7e97cf24-e948-4829-90cb-b544ae8ac8ad,,백민훈,1251,913,2,3,0.67,1511622029755809822,348387167245959180,1529111171075018882,https://cdn.discordapp.com/attachments/1511622029755809822/1529111170714304674/image.png?ex=6a60bf40&is=6a5f6dc0&hm=e8586b65b11326e7df3fade24118037c5de77127f622ecddc73bd8bbd97ad6a3&,"42235
벌목
1251
무법지대 킬
913
무법지대 데스
6656
택배 배달",0.98,approved,2026-07-21 22:01:57
outlaw_84945c64-a132-4579-9397-510ae75987c6,,구만집,399,269,15,3,5.00,1511622029755809822,386043747227402245,1529129920255623189,https://cdn.discordapp.com/attachments/1511622029755809822/1529129919895044126/DAWDAWD.png?ex=6a60d0b6&is=6a5f7f36&hm=72a676f764441eb9eab08a0de995315ee37d98f49349021a3f07cc201ab54fb9&,"414
132
1842
잠금 해제한 문
압수된 불법 물품
제작
269
594
무법지대 데스
채집
8042
아이템 감정
399
무법지대 킬
764
음료 섭취",0.99,approved,2026-07-21 23:16:29
outlaw_e19f5d79-7ad3-4091-8bc5-907d9890a7db,,박두억,1221,524,0,0,0.00,1511622029755809822,355887922597199876,1529276821877821551,https://cdn.discordapp.com/attachments/1511622029755809822/1529276821294547104/image.png?ex=6a615986&is=6a600806&hm=741de64a16e94a9a1dbf81d4a029378b83dbd9518268b7fdc5c2bfbf866a63ae&,"1221
무법지대 킬
922
잠금 해제한 문
23984
낚시
6465
제작
31504
벌목
524
무법지대 데스",0.98,approved,2026-07-22 09:00:11
outlaw_b3360d0c-4494-4db7-8c39-3e0d0e16e96c,,양파,1156,1027,10,6,1.67,1511622029755809822,1256231097499516989,1529378529844662374,https://cdn.discordapp.com/attachments/1511622029755809822/1529378529567965235/image.png?ex=6a61b83f&is=6a6066bf&hm=b547d28ee2238aca83b0a3ecf737c712402f619be986232aab1bcddcd21dda08&,"1027
무법지대 데스
2447
치료 받은
699
채집
1156
무법지대 킬",0.98,approved,2026-07-22 15:44:21
outlaw_3e15af20-cabf-46c0-bd7c-0f14091dc190,,구만집,416,274,17,5,3.40,1511622029755809822,386043747227402245,1529378924453171341,https://cdn.discordapp.com/attachments/1511622029755809822/1529378923991924736/wadwadadasd.png?ex=6a61b89d&is=6a60671d&hm=9904a2134828a844a0898fd2634dfe40e417fc4f9e37ad226c374d8b659d303d&,"414
132
1905
잠금 해제한 문
압수된 불법 물품
제작
274
594
무법지대 데스
채집
8167
아이템 감정
416
무법지대 킬
764
음료 섭취",0.99,approved,2026-07-22 15:45:54
outlaw_41339032-8e82-4dc7-b800-a0cae9554778,,박두억,1232,529,11,5,2.20,1511622029755809822,355887922597199876,1529378924432199710,https://cdn.discordapp.com/attachments/1511622029755809822/1529378924012900502/image.png?ex=6a61b89d&is=6a60671d&hm=385de6a8759b04f5f2b3bbdb403e1d28e48d157146a62ab05d10879bb9a6d429&,"1232
23984
무법지대 킬
낚시
922
잠금 해제한 문
6479
제작
31510
벌목
529
무법지대 데스",0.98,approved,2026-07-22 15:45:55
outlaw_9be5d5de-c769-4724-8ec1-2f930a6edaff,,샹크스,354,651,2,6,0.33,1511622029755809822,411443825869848577,1529379066954645555,https://cdn.discordapp.com/attachments/1511622029755809822/1529379066619232406/image.png?ex=6a61b8bf&is=6a60673f&hm=092003116b349d9c7a57a19e61428cb30de213bda8d6bbde19b50f1d2d70c709&,"286
혼수 치료
651
무법지대 데스
3033
택배 배달
4871
채집
354
무법지대 킬
18565
절도",0.98,approved,2026-07-22 15:46:28
outlaw_4091a30a-33b7-4cb3-8143-d4d59f1a4227,,ෆ야미ෆ,418,759,3,8,0.38,1511622029755809822,483558977431666689,1529379142401921024,https://cdn.discordapp.com/attachments/1511622029755809822/1529379141936218122/image.png?ex=6a61b8d1&is=6a606751&hm=95b71783fa2ba7635cbbfc731c9c8c880c8453f88de12af195d4273d31905dd1&,"1405
치료 받은
10483
낚시
7
418
무법지대 킬
23046
벌목
14498
압수한 불법 물품
제작
759
무법지대 데스
25924
아이템 감정",0.98,approved,2026-07-22 15:46:45
outlaw_e083df66-3318-46e4-a444-eaa1cb3a40d4,,영포티,251,454,4,4,1.00,1511622029755809822,533679079388610560,1529385557816250450,https://cdn.discordapp.com/attachments/1511622029755809822/1529385557443084299/4CB536AE-6BAD-4C31-BBBE-9DCB39ED1701.png?ex=6a61becb&is=6a606d4b&hm=ef24662633e48e9668eb5dd253d738025584902a6bf1354f9e63f4b58ea40f51&,"454
67341
84
603
무법지대 데스
채광
압수된 불법 물품
잠금 해제한 문
6453
2630
택배 배달
채집
6666
절도
23560
낚시
17465
아이템 감정
17
수감
68778
벌목
251
무법지대 킬",0.98,approved,2026-07-22 16:12:20
outlaw_660e4e3f-bbc9-41dc-9e4e-576aedc3bc09,,화윤,192,525,5,9,0.56,1511622029755809822,515752022864035850,1529482477293539339,https://cdn.discordapp.com/attachments/1511622029755809822/1529482477175967856/image.png?ex=6a62190e&is=6a60c78e&hm=b798a32e0ce5d0cc82acd88c02d42e77b246777a106e6fd86a3389f2ddfd5c7d&,"566
27322
혼수 치료
벌목
1939
음료 섭취
525
12
7310
무법지대 데스
압수한 불법 물품
제작
192
무법지대 킬
17
채집",0.99,approved,2026-07-22 22:37:25
outlaw_f3c91545-98f6-4d9e-89bd-e2975a53befb,,양파,1163,1036,7,9,0.78,1511622029755809822,1256231097499516989,1529482627042513018,https://cdn.discordapp.com/attachments/1511622029755809822/1529482626824671412/image.png?ex=6a621932&is=6a60c7b2&hm=3b2fce775200708650ff3aeed5fb315414f7b4564c0ef6801ce8a8fd428ca100&,"1036
무법지대 데스
2448
치료 받은
699
채집
1163
무법지대 킬",0.99,approved,2026-07-22 22:37:58
outlaw_0b7807e8-0109-42b2-8771-c71f8dcea72f,,형석,158,146,12,7,1.71,1511622029755809822,275907220032716800,1529484649888481390,https://cdn.discordapp.com/attachments/1511622029755809822/1529484649179512842/image.png?ex=6a621b14&is=6a60c994&hm=978c42257af9a27ebf0b4a7353fb7293880b3673a46e1c0d940c79d9140986d3&,"146
무법지대 데스
4
수감
1636
제작
158
무법지대 킬",0.97,approved,2026-07-22 22:46:01
outlaw_40bb53a2-f5ee-438c-aac0-1bb13cc0cc5e,,화윤,193,527,1,2,0.50,1511622029755809822,515752022864035850,1529484692255019049,https://cdn.discordapp.com/attachments/1511622029755809822/1529484691583799317/image.png?ex=6a621b1e&is=6a60c99e&hm=fe1162ae50d58ec6b3e93c31f34988eb0408b94ea68d750d54baef74d278e2a4&,"566
혼수 치료
527
27322
벌목
12
1939
음료 섭취
7310
무법지대 데스
압수한 불법 물품
제작
193
무법지대 킬
17
채집",0.99,approved,2026-07-22 22:46:11
outlaw_5a11d8cb-b0d0-4c71-9ba4-f28f6948bff6,,영포티,253,457,2,3,0.67,1511622029755809822,533679079388610560,1529484710441521172,https://cdn.discordapp.com/attachments/1511622029755809822/1529484710152245328/4EF71A04-AE8E-4195-AEA7-3812B2E5D381.png?ex=6a621b23&is=6a60c9a3&hm=de8c1a5b5e863f3a8a1a9e011b15564a861cb965c064b47289b41cf3ca5e4e01&,"457
67341
84
603
무법지대 데스
채광
압수된 불법 물품
잠금 해제한 문
6453
2630
택배 배달
채집
6666
철도
23560
낚시
17465
아이템 감정
17
수감
68778
벌목
253
무법지대 킬",0.98,approved,2026-07-22 22:46:15
outlaw_1f59a669-5fc9-46e7-9301-6f9bfce03a53,,서팔광,217,320,18,18,1.00,1511622029755809822,423122260669366283,1529485354355130498,https://cdn.discordapp.com/attachments/1511622029755809822/1529485354086699108/image.png?ex=6a621bbc&is=6a60ca3c&hm=b7a1717568b70f872fbd08af51a9dccd3151d77e174e9718251bfe0cfb4e82ff&,"320
무법지대 데스
217
무법지대 킬",0.99,approved,2026-07-22 22:48:48
outlaw_a84ffb66-3316-4cb2-9fb3-0afd5390b3db,,조창봉,904,750,15,7,2.14,1511622029755809822,338900767488606211,1529485365243543563,https://cdn.discordapp.com/attachments/1511622029755809822/1529485365293879396/2026-07-22_224845.png?ex=6a621bbf&is=6a60ca3f&hm=0da8387bb0f898944aed78b77d9d4eb6956e1f203910ba099f4030e36d478c84&,"750
무법지대 데스
904
무법지대 킬",0.99,approved,2026-07-22 22:48:51
outlaw_88495dbe-296e-4cd3-8d8d-f3c208eb8033,,벚꽃,181,393,6,8,0.75,1511622029755809822,731516789917483049,1529485495405510667,https://cdn.discordapp.com/attachments/1511622029755809822/1529485495120433372/image.png?ex=6a621bde&is=6a60ca5e&hm=a4371f081ec42a0f837fc8c9f733ca3b1f67e04db18a7e1ec777a8d5fd89b8e3&,"393
21
무법지대 데스
압수한 불법 물품
181
무법지대 킬",0.99,approved,2026-07-22 22:49:23
outlaw_f1533250-b74b-4b51-8c19-861654b97f94,,구만집,433,279,17,5,3.40,1511622029755809822,386043747227402245,1529486862652149818,https://cdn.discordapp.com/attachments/1511622029755809822/1529486861666484304/2026-07-22_225424.png?ex=6a621d24&is=6a60cba4&hm=8c36fc43c697e8cf314e42a70ff691ea6f77649f797dea4fb59a359392d625f9&,"414
132
2151
433
무법지대 킬
잠금 해제한 문
압수된 불법 물품
제작
279
594
무법지대 데스
채집
8167
아이템 감정
765
음료 섭취",0.99,approved,2026-07-22 22:54:48
outlaw_98c4d19a-65f8-47a9-a898-9abd647ae5dd,,만석침,1414,823,13,6,2.17,1511622029755809822,379225684242989058,1529486911826165820,https://cdn.discordapp.com/attachments/1511622029755809822/1529486911486296084/2026-07-22_225436.png?ex=6a621d30&is=6a60cbb0&hm=c13c82a0db9cf74cd144dcaca454e39c520caa07f893a9c8ee2b8b260e32772c&,"882
아이템 개조
823
무법지대 데스
1214
잠금 해제한 문
17125
제작
516
제련
1414
무법지대 킬
2154
음료 섭취",0.98,approved,2026-07-22 22:55:04
outlaw_84bca180-1da4-4caf-9425-a644e1c11234,,샹크스,361,655,7,4,1.75,1511622029755809822,411443825869848577,1529490186592063650,https://cdn.discordapp.com/attachments/1511622029755809822/1529490186306719967/image.png?ex=6a62203c&is=6a60cebc&hm=2ada4f9597efeef2c24536ee206dbc59f5b64622eb643bf5d702b194eb89e24b&,"287
혼수 치료
655
무법지대 데스
3033
택배 배달
4871
채집
361
무법지대 킬
18583
절도",0.98,approved,2026-07-22 23:08:02
outlaw_bf5acfbe-b7f8-4093-b6fa-b42d35a301ff,,ෆ야미ෆ,421,766,3,7,0.43,1511622029755809822,483558977431666689,1529490204048621588,https://cdn.discordapp.com/attachments/1511622029755809822/1529490203507560489/image.png?ex=6a622041&is=6a60cec1&hm=c08521803278c852edf19063c70663ca5e85e34d212aaa27c8478aa3d64a6426&,"1405
치료 받은
10483
낚시
7
421
무법지대 킬
23046
벌목
14501
압수한 불법 물품
제작
766
무법지대 데스
25924
아이템 감정",0.98,approved,2026-07-22 23:08:06
outlaw_1b536275-08a2-454c-8bee-022664670953,,백민훈,1253,920,2,7,0.29,1511622029755809822,348387167245959180,1529490273778794536,https://cdn.discordapp.com/attachments/1511622029755809822/1529490273481130044/image.png?ex=6a622051&is=6a60ced1&hm=05beda88bd4cb67d7279b5f5f0d043a6fc91fa82f52465d6235b087d3556ce99&,"42235
벌목
1253
무법지대 킬
920
무법지대 데스
6656
택배 배달",0.98,approved,2026-07-22 23:08:22
outlaw_d8c117b0-e82f-49d0-a9f5-67e67c320dfd,,김안녕*,61,371,5,24,0.21,1511622029755809822,1430242889832857631,1529491411941064855,https://cdn.discordapp.com/attachments/1511622029755809822/1529491411630821487/image.png?ex=6a622161&is=6a60cfe1&hm=7d23a721534fd2d6bee2a4a5adc9663bfa89dbf24bb866d1498c9986e4785308&,"371
3143
61
무법지대 킬
무법지대 데스
제작",0.98,approved,2026-07-22 23:12:54
outlaw_887a5929-430b-450c-a8fd-3bbfb9173242,,햇밥,23,39,0,0,0.00,1511622029755809822,369020109399916544,1529491687179817174,https://cdn.discordapp.com/attachments/1511622029755809822/1529491687083081839/image.png?ex=6a6221a2&is=6a60d022&hm=cd4699aa422ed8111f2fcbe4ec6d1e6b4c3dc2aeb8a46d36b8fa509ee9ddeefd&,"39
3
무법지대 데스
수감
23
무법지대 킬",0.98,approved,2026-07-22 23:13:59
outlaw_c069ebdd-c55e-4462-99eb-ee2d8f3419df,,구만집,458,283,25,4,6.25,1511622029755809822,386043747227402245,1530105892081766411,https://cdn.discordapp.com/attachments/1511622029755809822/1530105892161323129/2026-07-24_155403.png?ex=6a645da8&is=6a630c28&hm=f789868d73c054f583bc68355242469e4987c7b10613961dc620a07a661d256b&,"426
138
2151
잠금 해제한 문
압수된 불법 물품
제작
283
1580
무법지대 데스
채집
8406
아이템 감정
458
무법지대 킬
765
음료 섭취",0.99,approved,2026-07-24 15:54:37
outlaw_4c10ed06-ebe6-431a-85ac-ce8a0885ac15,,샹크스,369,662,8,7,1.14,1511622029755809822,411443825869848577,1530106113318584450,https://cdn.discordapp.com/attachments/1511622029755809822/1530106113025118288/image.png?ex=6a645ddd&is=6a630c5d&hm=8e405654af6c17deb614b403e3933e6d77725e7859a0fba23b49d6fc36d9901b&,"288
혼수 치료
662
무법지대 데스
3033
택배 배달
4871
채집
369
무법지대 킬
18838
절도",0.98,approved,2026-07-24 15:55:28
outlaw_46f31a25-8ed6-4048-88b8-abff19fd816f,,햇밥,33,44,10,5,2.00,1511622029755809822,369020109399916544,1530106256247750707,https://cdn.discordapp.com/attachments/1511622029755809822/1530106255992029255/image.png?ex=6a645dff&is=6a630c7f&hm=88fb5cc74c583cdc93a3c89cbd60de3f4546f5237bf252587b33930d19d23156&,"44
3
무법지대 데스
수감
33
무법지대 킬",0.98,approved,2026-07-24 15:56:03
outlaw_dbbcce8c-88fd-4995-8a0a-828ebaefe242,,박두억,1250,538,18,9,2.00,1511622029755809822,355887922597199876,1530106349805899847,https://cdn.discordapp.com/attachments/1511622029755809822/1530106349382271067/image.png?ex=6a645e15&is=6a630c95&hm=aaf6ac403f9285e8d05670953a032bada05fc72d5d678c1269e6f999b165b4ab&,"18343
아이템 감정
1149
치료 받은
1250
무법지대 킬
923
2966
음식 섭취
401
혼수 치료
23984
낚시
6479
잠금 해제한 문
제작
31684
벌목
538
무법지대 데스",0.99,approved,2026-07-24 15:56:26
outlaw_8286c7bc-2ee2-4579-8a3d-c57a6a110311,,양파,1174,1042,11,6,1.83,1511622029755809822,1256231097499516989,1530106372585296033,https://cdn.discordapp.com/attachments/1511622029755809822/1530106372321185933/image.png?ex=6a645e1b&is=6a630c9b&hm=6e219f5e426fa67cb416e75f19d320071575e0976470d721f204ea2b72aa531e&,"1042
무법지대 데스
2453
치료 받은
699
채집
1174
무법지대 킬",0.99,approved,2026-07-24 15:56:30
outlaw_f46acbb9-1f1f-4c6e-a348-37a6f6a235ce,,영포티,255,460,2,3,0.67,1511622029755809822,533679079388610560,1530108867835465748,https://cdn.discordapp.com/attachments/1511622029755809822/1530108867457847336/4BBE0A82-40B7-4E39-84E8-C4C3529DC773.png?ex=6a64606e&is=6a630eee&hm=9e7a7060b66bf3ede5f66a0f06244defe9863a13e6369bc70cb47c7808f70901&,"460
67341
84
603
무법지대 데스
채광
압수된 불법 물품
잠금 해제한 문
6453
2630
택배 배달
채집
6666
절도
17465
아이템 감정
17
수감
69021
255
무법지대 킬
23560
낚시
벌목",0.98,approved,2026-07-24 16:06:26
outlaw_46a4e56b-d210-4b92-a5cb-13384fbd9193,,양파,1180,1051,6,9,0.67,1511622029755809822,1256231097499516989,1530208644233302179,https://cdn.discordapp.com/attachments/1511622029755809822/1530208643935502538/image.png?ex=6a64bd5a&is=6a636bda&hm=67bea548eeb7ca594377edc7861c19e152b09e7fc762d8da323fd2fa5a7107d0&,"1051
무법지대 데스
2456
치료 받은
699
채집
1180
무법지대 킬",0.99,approved,2026-07-24 22:42:55
outlaw_75b86c20-5c2e-474f-aacd-a869cde3ed33,,햇밥,33,53,0,9,0.00,1511622029755809822,369020109399916544,1530209686408658976,https://cdn.discordapp.com/attachments/1511622029755809822/1530209686459121864/image.png?ex=6a64be53&is=6a636cd3&hm=7b0ba6c8c5b2e77737accfa45efd9547ac85579d43708ca1fbb5b7c5c8360073&,"53
33
무법지대 데스
무법지대 킬
3
수감",0.98,approved,2026-07-24 22:47:02
outlaw_fe85f796-0dab-467f-bca7-75557d973cda,,조창봉,912,758,8,8,1.00,1511622029755809822,338900767488606211,1530209705836806305,https://cdn.discordapp.com/attachments/1511622029755809822/1530209705539141672/2026-07-24_224704.png?ex=6a64be57&is=6a636cd7&hm=586a7e0262076b7814a4d556fa8238d9b9f71f1198dd7759fdf5d1297ac5c393&,"758
무법지대 데스
912
무법지대 킬",0.99,approved,2026-07-24 22:47:09
outlaw_b855cd72-a77b-4d6f-93a9-1bf81820d0c3,,구만집,471,291,13,8,1.63,1511622029755809822,386043747227402245,1530209723352088626,https://cdn.discordapp.com/attachments/1511622029755809822/1530209723025068053/awd.png?ex=6a64be5b&is=6a636cdb&hm=c3f00f0c53b15f08eac5b8b0ed88a028eedab9bd10374b9bc197b6c00e73dc54&,"426
138
2182
471
무법지대 킬
잠금 해제한 문
압수된 불법 물품
제작
291
1580
무법지대 데스
채집
8500
아이템 감정
765
음료 섭취",0.99,approved,2026-07-24 22:47:11
outlaw_41d115b7-2993-42b1-b2bb-52c642b339fc,,만석침,1433,828,19,5,3.80,1511622029755809822,379225684242989058,1530209726997074030,https://cdn.discordapp.com/attachments/1511622029755809822/1530209726644883687/2026-07-24_224700.png?ex=6a64be5c&is=6a636cdc&hm=8ab7aa8b508d341e96fd6f3b2a0d682150ac37df491f0ced0e9bb3a8a64cd37b&,"906
아이템 개조
828
무법지대 데스
1247
잠금 해제한 문
17321
제작
516
제련
1433
무법지대 킬
2154
음료 섭취",0.98,approved,2026-07-24 22:47:12
outlaw_29df9e36-02d2-4ba5-a482-72c5d43de28a,,영포티,260,468,5,8,0.63,1511622029755809822,533679079388610560,1530209832555118612,https://cdn.discordapp.com/attachments/1511622029755809822/1530209832206860588/796AF587-0407-464A-B185-A53442D277CA.png?ex=6a64be75&is=6a636cf5&hm=79b4fae1b35951ef511e932b1bf5af781e2722cc15750ea7842a999d150ce4a8&,"468
67341
84
603
무법지대 데스
채광
압수된 불법 물품
잠금 해제한 문
6453
2630
택배 배달
채집
6666
절도
17465
아이템 감정
23560
69269
낚시
벌목
17
수감
260
무법지대 킬",0.98,approved,2026-07-24 22:47:38
outlaw_d8e14c99-dfb1-403c-b2cb-7b20a13c7462,,백민훈,1258,929,5,9,0.56,1511622029755809822,348387167245959180,1530232003298066504,https://cdn.discordapp.com/attachments/1511622029755809822/1530232002932899891/image.png?ex=6a64d31b&is=6a63819b&hm=28032763855351d2c75ad6c1f08013811d59d33c8f1893b755cec995a4268822&,"42235
벌목
1258
무법지대 킬
929
무법지대 데스
6656
택배 배달",0.98,approved,2026-07-25 00:15:43
outlaw_0cb18c19-d424-4b3b-ab57-00f547e1aa81,,ෆ야미ෆ,430,771,9,5,1.80,1511622029755809822,483558977431666689,1530291418634129549,https://cdn.discordapp.com/attachments/1511622029755809822/1530291418285867159/image.png?ex=6a650a71&is=6a63b8f1&hm=7b545bbdd7997020f837a53d54e04f6dd6757d3b846dca7aeba8f6e68f5d70dc&,"1410
치료 받은
10483
낚시
7
430
무법지대 킬
23046
벌목
14659
압수한 불법 물품
제작
771
26204
무법지대 데스
아이템 감정",0.98,approved,2026-07-25 04:11:50
outlaw_fa7e2746-1f9e-49ce-844c-b1ac5ff8e44f,,형석,162,155,4,9,0.44,1511622029755809822,275907220032716800,1530416822678192179,https://cdn.discordapp.com/attachments/1511622029755809822/1530416822644379730/image.png?ex=6a657f3c&is=6a642dbc&hm=6baf7677671e9e6428ca68d39891d6c366816f4d4013adef6923333fb7241d48&,"35
아이템 개조
155
무법지대 데스
162
무법지대 킬
4
절도",0.98,approved,2026-07-25 12:30:09
outlaw_8b57d77b-2668-4ecd-81e5-2743f1df92c5,,ෆ야미ෆ,433,779,3,8,0.38,1511622029755809822,483558977431666689,1530467776614105129,https://cdn.discordapp.com/attachments/1511622029755809822/1530467776328761445/image.png?ex=6a65aeb0&is=6a645d30&hm=e8b0e467a33f13950060d337261919170b292169eb70d16f673a1bc038fd143a&,"1411
치료 받은
10483
낚시
7
433
무법지대 킬
23046
벌목
14669
압수한 불법 물품
제작
779
무법지대 데스
26213
아이템 감정",0.98,approved,2026-07-25 15:52:37
outlaw_3b4f2493-8773-4ba7-8d1f-c8abb7d40540,,형석,168,165,6,10,0.60,1511622029755809822,275907220032716800,1530468043170381936,https://cdn.discordapp.com/attachments/1511622029755809822/1530468042767863808/image.png?ex=6a65aef0&is=6a645d70&hm=9d91961d6ec49fc2f1190d71d4d3e5adcbeaaa41655fa00efe6fba36ff718cf2&,"35
아이템 개조
165
무법지대 데스
168
무법지대 킬
4
절도",0.98,approved,2026-07-25 15:53:39
outlaw_8b7c8235-244b-461b-920a-6e7b68af6378,,영포티,273,476,13,8,1.63,1511622029755809822,533679079388610560,1530470212099637270,https://cdn.discordapp.com/attachments/1511622029755809822/1530470211919155321/8BB39200-98B7-4BA7-845F-9E3FCDB1B108.png?ex=6a65b0f5&is=6a645f75&hm=d53778e0741c578ea063faafa6455f1e079d1228443d5516027080b1da676f00&,"476
67341
84
603
무법지대 데스
채광
압수된 불법 물품
잠금 해제한 문
6453
2630
택배 배달
채집
6666
철도
23560
낚시
17465
아이템 감정
17
수감
69596
벌목
273
무법지대 킬",0.98,approved,2026-07-25 16:02:19
outlaw_63897e05-7d23-46d2-a136-fbf828408048,,양파,1192,1066,12,15,0.80,1511622029755809822,1256231097499516989,1530470290512150558,https://cdn.discordapp.com/attachments/1511622029755809822/1530470290239389736/image.png?ex=6a65b107&is=6a645f87&hm=d847dee656a5139cfc061f104e87ec70a5c119c1b4cfd16746eb86a4c8371fb1&,"1066
무법지대 데스
2457
치료 받은
699
채집
1192
무법지대 킬",0.99,approved,2026-07-25 16:02:39
outlaw_01fcabad-7897-4083-87a4-e7a8f24f2591,,벚꽃,185,401,4,8,0.50,1511622029755809822,731516789917483049,1530470307851145246,https://cdn.discordapp.com/attachments/1511622029755809822/1530470307394224169/image.png?ex=6a65b10c&is=6a645f8c&hm=6d585c692d46b63401e50054820c8ee66de0e8e4fcf55757db5d2c65799e4495&,"401
21
185
무법지대 데스
압수한 불법 물품
무법지대 킬",0.99,approved,2026-07-25 16:02:40
outlaw_19dee34e-c142-43c7-b72b-8d9eb3cc7266,,구만집,494,299,23,8,2.88,1511622029755809822,386043747227402245,1530470378181234710,https://cdn.discordapp.com/attachments/1511622029755809822/1530470378088955934/awd.png?ex=6a65b11c&is=6a645f9c&hm=2fee073f3e4c9b916a7308e956d8d8a0cab2ed9584bf34cb758982038450505e&,"443
138
2182
299
무법지대 데스
잠금 해제한 문
압수된 불법 물품
제작
494
1580
무법지대 킬
채집
8656
아이템 감정
765
음료 섭취",0.99,approved,2026-07-25 16:02:57
outlaw_aed97fe8-6fb0-4036-b115-28ce8acfe250,,조창봉,927,769,15,11,1.36,1511622029755809822,338900767488606211,1530470401715605645,https://cdn.discordapp.com/attachments/1511622029755809822/1530470401417678908/2026-07-25_160243.png?ex=6a65b122&is=6a645fa2&hm=504fe57b0e2ccbb9c73eaf7be0afebd8b0074d0750bb421e700d035904cf9223&,"769
무법지대 데스
927
무법지대 킬",0.99,approved,2026-07-25 16:03:02
outlaw_ece5c2f5-7114-4a38-a89d-0ff054ac7e8e,,백민훈,1273,942,15,13,1.15,1511622029755809822,348387167245959180,1530470406043992167,https://cdn.discordapp.com/attachments/1511622029755809822/1530470405859709069/image.png?ex=6a65b123&is=6a645fa3&hm=c7551621401b219c568a88e724398b225e64f43473c9311a56186fc62445d2fa&,"42235
벌목
1273
무법지대 킬
942
무법지대 데스
6656
택배 배달",0.98,approved,2026-07-25 16:03:04
outlaw_5dd0d064-8f92-4e33-be20-8243279a711c,,만석침,1453,836,20,8,2.50,1511622029755809822,379225684242989058,1530470499283632319,https://cdn.discordapp.com/attachments/1511622029755809822/1530470498863943700/2026-07-25_160310.png?ex=6a65b139&is=6a645fb9&hm=4e865cb970b9a28b1b68a098cbc90293fec9681297da89ce52d6270ffa599010&,"906
아이템 개조
836
무법지대 데스
1247
잠금 해제한 문
17327
제작
516
제련
1453
무법지대 킬
2154
음료 섭취",0.99,approved,2026-07-25 16:03:25
outlaw_cd5d674e-9269-43d7-a72c-eb3a2f03e625,,샹크스,378,684,9,22,0.41,1511622029755809822,411443825869848577,1530470628996681818,https://cdn.discordapp.com/attachments/1511622029755809822/1530470628661006336/image.png?ex=6a65b158&is=6a645fd8&hm=16ed1d0016e1af634e2134a59fc16e7f6917141bf0d506149359062d990d13cd&,"292
혼수 치료
684
무법지대 데스
3033
택배 배달
4871
채집
378
무법지대 킬
18838
절도",0.97,approved,2026-07-25 16:03:57
outlaw_86aa79bf-90a2-4eae-81fe-9e910a1cc2ed,,박두억,1264,550,14,12,1.17,1511622029755809822,355887922597199876,1530470793723641936,https://cdn.discordapp.com/attachments/1511622029755809822/1530470793472118804/image.png?ex=6a65b17f&is=6a645fff&hm=8a809574d15bef14e95daf493236c835748eca3ecd7d21956fe6731809522732&,"1264
무법지대 킬
23984
낚시
923
잠금 해제한 문
6479
제작
32128
벌목
550
무법지대 데스",0.98,approved,2026-07-25 16:04:35
outlaw_766ae713-72d0-46c3-90fa-e293fc105fb7,,김안녕*,64,379,3,8,0.38,1511622029755809822,1430242889832857631,1530471344557527100,https://cdn.discordapp.com/attachments/1511622029755809822/1530471344301670400/image.png?ex=6a65b203&is=6a646083&hm=7ee5e820cf9ce5e88481c81d916704a8049dadd55fe166828fe65723de364526&,"379
3283
무법지대 데스
제작
64
무법지대 킬",0.98,approved,2026-07-25 16:06:47
outlaw_5afc09c8-6395-4485-8175-6f6890fb7f72,,벚꽃,187,405,2,4,0.50,1511622029755809822,731516789917483049,1530575036409450569,https://cdn.discordapp.com/attachments/1511622029755809822/1530575036224639117/image.png?ex=6a661295&is=6a64c115&hm=abdd6a88acf09fdcdc1f90dc0c715aa927f3511cc009c8cdeabed94e07cf77e4&,"405
21
187
무법지대 데스
압수한 불법 물품
무법지대 킬",0.99,approved,2026-07-25 22:58:50
outlaw_aa090d2d-a8c7-446b-9df3-0c21806049f4,,구만집,503,305,9,6,1.50,1511622029755809822,386043747227402245,1530575161043062945,https://cdn.discordapp.com/attachments/1511622029755809822/1530575160707387442/awdwad.png?ex=6a6612b3&is=6a64c133&hm=e5075f99e30590a7309079fe089ed0ef7828ee73eb6128edf8f91d5f02b8064d&,"443
138
2182
305
무법지대 데스
잠금 해제한 문
압수된 불법 물품
제작
503
1598
무법지대 킬
채집
8656
아이템 감정
765
음료 섭취",0.99,approved,2026-07-25 22:59:18
outlaw_7b27aaf9-f135-4a85-b4ab-a2478c96792a,,조창봉,944,774,17,5,3.40,1511622029755809822,338900767488606211,1530575191069954138,https://cdn.discordapp.com/attachments/1511622029755809822/1530575190772289636/2026-07-25_225907.png?ex=6a6612ba&is=6a64c13a&hm=17bf1fd4e4cd27246fa4982bbe241475d07358b32a2b02b32b7c1574d3df70d9&,"774
무법지대 데스
944
무법지대 킬",0.99,approved,2026-07-25 22:59:26
outlaw_8d69fa35-d85f-4be2-8f6c-0d9b580c99b1,,영포티,280,479,7,3,2.33,1511622029755809822,533679079388610560,1530575226570670151,https://cdn.discordapp.com/attachments/1511622029755809822/1530575226411155526/A366EA4C-8C5F-4DE9-BF14-80A56E439833.png?ex=6a6612c2&is=6a64c142&hm=da8482c613dc6489efc3537cc6cf3d62dc120a68dc1c9e34c4ca1f400f8f9aa9&,"5개월 1주 1일 8시간 28분 51초
총 플레이타임
1146
누적 레벨
19102
제작
5280
630
4128
치료 받은
음료 섭취
16226
음식 섭취
제련
479
67341
무법지대 데스
채광
6453
2630
택배 배달
채집
6666
절도
23560
낚시
170
혼수 치료
84
압수된 불법 물품
17465
아이템 감정
734
죽음
535
아이템 개조
603
잠금 해제한 문
17
수감
69766
벌목
280
무법지대 킬",0.98,approved,2026-07-25 22:59:35
outlaw_11d335cc-5fb2-4cd7-b685-c49230228b76,,만석침,1467,843,14,7,2.00,1511622029755809822,379225684242989058,1530575259411943590,https://cdn.discordapp.com/attachments/1511622029755809822/1530575258938245130/2026-07-25_225926.png?ex=6a6612ca&is=6a64c14a&hm=23d242a4ab7a0694de0dbd1ae64ffdbf74ace740e075345b35da0f32edfd7b31&,"937
아이템 개조
843
무법지대 데스
1247
잠금 해제한 문
17331
제작
516
제련
1467
무법지대 킬
2154
음료 섭취",0.99,approved,2026-07-25 22:59:42
outlaw_55fb8d49-f102-4b6f-aabf-4d53be72eafe,,백민훈,1281,945,8,3,2.67,1511622029755809822,348387167245959180,1530575328060117238,https://cdn.discordapp.com/attachments/1511622029755809822/1530575327686819880/image.png?ex=6a6612da&is=6a64c15a&hm=2c56a3e5330de754b24c8f3b9cb94f95a04b0d8cc5e9a964e355747d143defae&,"42235
벌목
1281
무법지대 킬
945
무법지대 데스
6656
택배 배달",0.98,approved,2026-07-25 23:00:00
outlaw_c8eb53ac-aaf6-4d79-9322-182ee87728a5,,형석,184,170,16,5,3.20,1511622029755809822,275907220032716800,1530575375544090674,https://cdn.discordapp.com/attachments/1511622029755809822/1530575375229255871/image.png?ex=6a6612e6&is=6a64c166&hm=80696a2eeff527af8477ec3c7c329215aa433efa36b3d479a79f9a8ee6fcc494&,"184
무법지대 킬
170
무법지대 데스",0.99,approved,2026-07-25 23:00:09
outlaw_60cff1ad-16d4-4ed6-ac2f-9a2af8302fbd,,양파,1197,1075,5,9,0.56,1511622029755809822,1256231097499516989,1530575672810930406,https://cdn.discordapp.com/attachments/1511622029755809822/1530575672206954506/image.png?ex=6a66132c&is=6a64c1ac&hm=8ca586a5b581dd62670ab230218ade590911574f20251d4072c4f1a49dc9db54&,"1075
무법지대 데스
2457
치료 받은
699
채집
1197
무법지대 킬",0.98,approved,2026-07-25 23:01:21
outlaw_aa79962a-1f0d-4b79-838c-0e399bb6400c,,박두억,1271,556,7,6,1.17,1511622029755809822,355887922597199876,1530575836841902292,https://cdn.discordapp.com/attachments/1511622029755809822/1530575836464419000/image.png?ex=6a661354&is=6a64c1d4&hm=7a67b64d11b8aaae780c0943930b6f051e4bbbd106e4e849f00b4f620dc03adc&,"1271
무법지대 킬
23984
낚시
923
잠금 해제한 문
6479
제작
32274
벌목
556
무법지대 데스",0.98,approved,2026-07-25 23:02:00
outlaw_b50c351f-109c-46e0-a9e0-d7579ec50843,,화윤,193,530,0,3,0.00,1511622029755809822,515752022864035850,1530580705598509116,https://cdn.discordapp.com/attachments/1511622029755809822/1530580705283805455/image.png?ex=6a6617dc&is=6a64c65c&hm=42606f02a4cd418bf1135c58e7dec5e2cd5816992407986cb693caed09269d4c&,"962
죽음
193
29537
벌목
12
1941
음료 섭취
7415
무법지대 킬
압수한 불법 물품
제작
530
무법지대 데스
17
채집",0.99,approved,2026-07-25 23:21:20
outlaw_65311edb-fd06-4eba-a890-e2f31f957b23,,ෆ야미ෆ,436,783,3,4,0.75,1511622029755809822,483558977431666689,1530581109857845278,https://cdn.discordapp.com/attachments/1511622029755809822/1530581109581156422/image.png?ex=6a66183d&is=6a64c6bd&hm=7e146d47f10de2f57357052b7a45e1128fafa89469bee4076c07889ffedeebec&,"1412
치료 받은
10483
낚시
7
436
무법지대 킬
23046
벌목
14836
압수한 불법 물품
제작
783
무법지대 데스
26213
아이템 감정",0.98,approved,2026-07-25 23:22:57
outlaw_7392b8cc-c388-47ba-8b80-2554b9080cd9,,샹크스,382,686,4,2,2.00,1511622029755809822,411443825869848577,1530582378957770903,https://cdn.discordapp.com/attachments/1511622029755809822/1530582378446196736/image.png?ex=6a66196b&is=6a64c7eb&hm=2afaa5518534c2f7dd7660506650b85e612b7081751f7dceccc465b5f42dd3c6&,"292
혼수 치료
686
무법지대 데스
3033
택배 배달
5377
채집
382
무법지대 킬
18838
절도",0.97,approved,2026-07-25 23:27:59
outlaw_d52802dd-cb4a-41eb-80db-32058ab3eb81,,형석,190,173,6,3,2.00,1511622029755809822,275907220032716800,1530826673296244807,https://cdn.discordapp.com/attachments/1511622029755809822/1530826672960704602/image.png?ex=6a66fcf0&is=6a65ab70&hm=1d4c9053c89e92aa76773494d86eaa75c4abb19349cb1495d9744e05ad75ab31&,"173
무법지대 데스
190
무법지대 킬",0.99,approved,2026-07-26 15:38:44
outlaw_10d7036f-169a-46ed-a37e-e2b6cc4145c0,,영포티,281,481,1,2,0.50,1511622029755809822,533679079388610560,1530827242979196990,https://cdn.discordapp.com/attachments/1511622029755809822/1530827242878402710/498DC573-75A5-4220-83A9-C4AFDD0F2B2D.png?ex=6a66fd78&is=6a65abf8&hm=090ab0aae8662473ad386bc77845ee8d8ae6f83b54e1212029e2d3ce5faaf2ec&,"481
67341
84
603
무법지대 데스
채광
압수된 불법 물품
잠금 해제한 문
6453
2630
택배 배달
채집
6666
철도
23560
낚시
17555
아이템 감정
17
수감
69901
벌목
281
무법지대 킬",0.98,approved,2026-07-26 15:41:00
outlaw_a1e5457b-752f-44bb-b5d1-9a6963faa0b3,,서팔광,220,329,3,9,0.33,1511622029755809822,423122260669366283,1530827439914221569,https://cdn.discordapp.com/attachments/1511622029755809822/1530827439603974194/image.png?ex=6a66fda7&is=6a65ac27&hm=b7419f623889017548c467733e539158db071ca6fd418f5ed98f2e00b524aff8&,"잠금 해제한 문
64
10523
NPC 아이템 감정
아이템 감정
220
무법지대 킬
9
수감
329
무법지대 데스
2119
17
제작
압수된 불법 물품",0.99,approved,2026-07-26 15:41:46
outlaw_03c0fead-7a91-4301-9143-5e298d753962,,구만집,518,307,15,2,7.50,1511622029755809822,386043747227402245,1530827869675065414,https://cdn.discordapp.com/attachments/1511622029755809822/1530827869310419074/AWDAD.png?ex=6a66fe0d&is=6a65ac8d&hm=e807b4029cc5714589077279b952d65fb7636dd81d35f8c3d6365e81046e4791&,"443
138
2182
잠금 해제한 문
압수된 불법 물품
제작
307
1598
무법지대 데스
채집
8656
아이템 감정
518
무법지대 킬
765
음료 섭취",0.99,approved,2026-07-26 15:43:30
outlaw_f54882f3-e433-47ab-b7e4-af38ea027e53,,박두억,1282,558,11,2,5.50,1511622029755809822,355887922597199876,1530829403427176519,https://cdn.discordapp.com/attachments/1511622029755809822/1530829403062534255/image.png?ex=6a66ff7b&is=6a65adfb&hm=a90d4beaa4baf9505609f9bb182bc755782c65aa271591540a58ff6e6717744e&,"1282
무법지대 킬
23984
낚시
923
잠금 해제한 문
6479
제작
32804
벌목
558
무법지대 데스",0.98,approved,2026-07-26 15:49:34
outlaw_894678c4-7c88-401b-830b-bd51c3a8ef00,,조창봉,951,777,7,3,2.33,1511622029755809822,338900767488606211,1530830962164895876,https://cdn.discordapp.com/attachments/1511622029755809822/1530830961850454217/2026-07-26_155533.png?ex=6a6700ee&is=6a65af6e&hm=69e1e331defbd3cb27b25923552a105c00511ad2b5f3e52205a38e3600de527c&,"777
무법지대 데스
951
무법지대 킬",0.99,approved,2026-07-26 15:55:47
outlaw_4b2ed71f-2861-47a0-9a24-a51410f121d6,,만석침,1474,845,7,2,3.50,1511622029755809822,379225684242989058,1530832490061627462,https://cdn.discordapp.com/attachments/1511622029755809822/1530832489784807614/2026-07-26_160124.png?ex=6a67025b&is=6a65b0db&hm=04890b433ecd0836e2d8db6132de8337a473f7451113d21fd4dfcc718196e4d4&,"945
아이템 개조
845
무법지대 데스
1247
잠금 해제한 문
17370
제작
516
제련
1474
무법지대 킬
2154
음료 섭취",0.99,approved,2026-07-26 16:01:50
outlaw_3761c8ca-0f22-47b3-8423-46cd61cae098,,키스,384,518,0,0,0.00,1511622029755809822,578196304803528724,1530833898102329346,https://cdn.discordapp.com/attachments/1511622029755809822/1530833897913450657/image.png?ex=6a6703aa&is=6a65b22a&hm=929cd62b3f501e6b2ca8726534c6244ed6780c6f3926689391eb26b185e6760b&,"2042
절도
518
무법지대 데스
384
무법지대 킬
20
잠금 해제한 문",0.98,approved,2026-07-26 16:07:27
outlaw_a0ac3436-9d8c-4855-b0d9-74ef11c95745,,백민훈,1285,945,4,0,4.00,1511622029755809822,348387167245959180,1530837880023548044,https://cdn.discordapp.com/attachments/1511622029755809822/1530837879742267392/image.png?ex=6a670760&is=6a65b5e0&hm=15223ff2b120b3853a264ff929f7814f0bbb5dbe3e54a780a309465ea4b2e326&,"42235
벌목
1285
무법지대 킬
945
무법지대 데스
6656
택배 배달",0.98,approved,2026-07-26 16:23:16
outlaw_b70b3705-6201-46a6-a336-b50ab09d35bd,,샹크스,383,688,1,2,0.50,1511622029755809822,411443825869848577,1530921400636805231,https://cdn.discordapp.com/attachments/1511622029755809822/1530921400469295286/image.png?ex=6a675529&is=6a6603a9&hm=79a3cf013ab9ceb1919d9ab390d5bb59be048142fd185ef3ce58f471e4006822&,"294
혼수 치료
688
무법지대 데스
3033
택배 배달
5377
채집
383
무법지대 킬
18838
절도",0.98,approved,2026-07-26 21:55:09
outlaw_4f7bb68f-87cb-4730-a589-09725b9ba122,,키스,394,524,10,6,1.67,1511622029755809822,578196304803528724,1530939029816610977,https://cdn.discordapp.com/attachments/1511622029755809822/1530939029330329688/image.png?ex=6a676594&is=6a661414&hm=80092f304bdc713f04630779c1550194262538492febba2a9ad474c803945eca&,"2042
절도
524
무법지대 데스
394
무법지대 킬
20
잠금 해제한 문",0.98,approved,2026-07-26 23:05:12
outlaw_78358be5-1f81-407d-bb99-592c04f14b36,,화윤,195,535,2,5,0.40,1511622029755809822,515752022864035850,1530939104450183249,https://cdn.discordapp.com/attachments/1511622029755809822/1530939103938613270/image.png?ex=6a6765a5&is=6a661425&hm=842b0dfb6490334f878a2082f91db732af32fa2a3a27be37dc2ee9e4aa16404d&,"980
죽음
29537
벌목
1942
음료 섭취
195
12
7436
무법지대 킬
압수한 불법 물품
제작
535
무법지대 데스
17
채집",0.99,approved,2026-07-26 23:05:29
outlaw_fe2af270-ca52-49a6-be85-5b19a15fe597,,구만집,538,314,20,7,2.86,1511622029755809822,386043747227402245,1530940252787839126,https://cdn.discordapp.com/attachments/1511622029755809822/1530940252477325472/dzczdcv2w.png?ex=6a6766b7&is=6a661537&hm=98b7d4c1d5de9c160bafdf9b3a7a229885a3b163030ad9cfadc6aed5852af295&,"46
138
2191
314
무법지대 데스
수감
압수된 불법 물품
제작
538
무법지대 킬
1598
채집
8656
아이템 감정
765
음료 섭취",0.99,approved,2026-07-26 23:10:04
outlaw_fef1f0db-756e-43cf-b18d-155404196044,,영포티,284,489,3,8,0.38,1511622029755809822,533679079388610560,1530940664265707671,https://cdn.discordapp.com/attachments/1511622029755809822/1530940663980626103/690029B5-F9D8-4A6E-9B2A-A2C4B1CF7BD8.png?ex=6a676719&is=6a661599&hm=f0eb477c0641bff3580ab1f24d5586c13ab678c9fc2f3b147394483e89963c4a&,"19102
제작
5303
635
4128
치료 받은
음료 섭취
16226
음식 섭취
제련
489
67341
무법지대 데스
채광
6453
2630
택배 배달
채집
6666
절도
23560
낚시
170
혼수 치료
84
745
죽음
543
아이템 개조
603
압수된 불법 물품
잠금 해제한 문
17555
아이템 감정
17
수감
70195
벌목
284
무법지대 킬",0.98,approved,2026-07-26 23:11:41
outlaw_2570d0d4-f46c-4385-833d-1cc9ba04114e,,박두억,1296,563,14,5,2.80,1511622029755809822,355887922597199876,1530940891496317028,https://cdn.discordapp.com/attachments/1511622029755809822/1530940891156713472/image.png?ex=6a67674f&is=6a6615cf&hm=d6947c9ab8fb567fdecabcd5317935448d82e8ee40938e902dde610f4910e162&,"1296
무법지대 킬
923
잠금 해제한 문
23984
낚시
6485
제작
32804
벌목
563
무법지대 데스",0.98,approved,2026-07-26 23:12:35
outlaw_dfed70e7-427a-454e-b880-b8276f6b9ac6,,형석,201,182,11,9,1.22,1511622029755809822,275907220032716800,1530940889474666557,https://cdn.discordapp.com/attachments/1511622029755809822/1530940888837128233/image.png?ex=6a67674f&is=6a6615cf&hm=2339e7787ba351eca9014b0a5bef8060efad3f431d044d7e704edb711a063475&,"182
무법지대 데스
201
무법지대 킬",0.99,approved,2026-07-26 23:12:36
outlaw_d799ce75-f8c0-400d-ba6f-74e4584bb50e,,햇밥,44,61,11,8,1.38,1511622029755809822,369020109399916544,1530940924400500878,https://cdn.discordapp.com/attachments/1511622029755809822/1530940924451098664/image.png?ex=6a676757&is=6a6615d7&hm=22305a506c6c7e473084e842e96c3db9c3db6ab9a3d70570033ced6f030bfd1a&,"61
무법지대 데스
44
무법지대 킬",0.98,approved,2026-07-26 23:12:43
outlaw_8fb2ec8c-c588-4dab-9016-075af47d0ca8,,조창봉,971,781,20,4,5.00,1511622029755809822,338900767488606211,1530941299069554839,https://cdn.discordapp.com/attachments/1511622029755809822/1530941298947784724/2026-07-26_231350.png?ex=6a6767b1&is=6a661631&hm=d15e1c4fcc048755f1bbf0c60d22a108f05f7fcc60d76b71dc6e74115a2527d2&,"781
무법지대 데스
971
무법지대 킬",0.98,approved,2026-07-26 23:14:13
outlaw_464e5fb8-267f-4540-814b-fb6711df5eff,,만석침,1495,853,21,8,2.63,1511622029755809822,379225684242989058,1530941324122001569,https://cdn.discordapp.com/attachments/1511622029755809822/1530941324138643747/2026-07-26_231342.png?ex=6a6767b7&is=6a661637&hm=6f19a4f47be40ae17ed93c89f27ad05c80b24d1c45b92aa4419b89c7cf815c8e&,"953
아이템 개조
853
무법지대 데스
1247
잠금 해제한 문
17370
제작
516
제련
1495
무법지대 킬
2154
음료 섭취",0.99,approved,2026-07-26 23:14:18
outlaw_f6de8da4-a201-4f29-9a77-b0fc62052b0f,,양파,1204,1079,7,4,1.75,1511622029755809822,1256231097499516989,1530942640479146059,https://cdn.discordapp.com/attachments/1511622029755809822/1530942640546382015/image.png?ex=6a6768f1&is=6a661771&hm=27fbf7d7ec3387efe6ed3b2a30e4a4770f311eb148bdf6bb4182743b78e4a4f7&,"1079
무법지대 데스
2464
치료 받은
699
채집
1204
무법지대 킬",0.99,approved,2026-07-26 23:19:33
outlaw_afc8b8d6-b747-4712-acf6-65900dd5c427,,ෆ야미ෆ,441,792,5,9,0.56,1511622029755809822,483558977431666689,1530959344613589124,https://cdn.discordapp.com/attachments/1511622029755809822/1530959344319991865/image.png?ex=6a67787f&is=6a6626ff&hm=2733b056bbb9cf4dab74f18375e32314d7277a6a64770701138ff19296478283&,"1421
치료 받은
10483
낚시
7
441
무법지대 킬
23046
벌목
15032
압수한 불법 물품
제작
792
무법지대 데스
26217
아이템 감정",0.98,approved,2026-07-27 00:25:56
outlaw_710e29de-eab6-4a68-acbb-b4f9416dc9ce,,백민훈,1295,951,10,6,1.67,1511622029755809822,348387167245959180,1531179928362549348,https://cdn.discordapp.com/attachments/1511622029755809822/1531179927884533770/image.png?ex=6a6845ee&is=6a66f46e&hm=b039392bcd2a8df029d234c84399088a92b1a6a205cda02a9a54fce731a26f96&,"42235
벌목
1295
무법지대 킬
951
무법지대 데스
6656
택배 배달",0.98,approved,2026-07-27 15:02:29
outlaw_7efcb1e5-ac9a-4ad8-a0d1-cad51b1f8d2d,,벚꽃,193,410,6,5,1.20,1511622029755809822,731516789917483049,1531913496973938728,https://cdn.discordapp.com/attachments/1511622029755809822/1531913496613224479/image.png?ex=6a6af11f&is=6a699f9f&hm=36d163038615bbd3e67bd87d84aebe16a5027dc1d487fd5ef7106ee61f0b5bf5&,"410
21
193
무법지대 데스
압수한 불법물품
무법지대 킬",0.99,approved,2026-07-29 15:37:25
outlaw_ff87283f-cb8e-4c28-8b3f-3558b1e7d342,,화윤,197,539,2,4,0.50,1511622029755809822,515752022864035850,1531913548710809690,https://cdn.discordapp.com/attachments/1511622029755809822/1531913548425465896/image.png?ex=6a6af12b&is=6a699fab&hm=b547af94a6d9c8ff9eda749354baadc61b6b24accccc52228f46123dc5be2eec&,"985
죽음
29537
벌목
1942
음료 섭취
197
12
7466
무법지대 킬
압수한 불법 물품
제작
539
무법지대 데스
17
채집",0.99,approved,2026-07-29 15:37:35
outlaw_99cccc51-8ef7-49f6-8ee4-c784ff5d4df2,,양파,1209,1092,5,13,0.38,1511622029755809822,1256231097499516989,1531913574329618443,https://cdn.discordapp.com/attachments/1511622029755809822/1531913574077698048/image.png?ex=6a6af131&is=6a699fb1&hm=43c952c4c0ae6e8ae1a9606e5daddef28ad5b371af664f801398b2de2add308a&,"1092
무법지대 데스
2472
치료 받은
699
채집
1209
무법지대 킬",0.98,approved,2026-07-29 15:37:42
outlaw_480fb10c-dbc8-43f1-a1de-79b28d660182,,구만집,554,318,16,4,4.00,1511622029755809822,386043747227402245,1531913647197126847,https://cdn.discordapp.com/attachments/1511622029755809822/1531913646928695396/af23123.png?ex=6a6af143&is=6a699fc3&hm=eef02715e66cae2229cc37f9bafbdff481f0a68f272f7cbbf96fb20625006431&,"457
138
2192
554
무법지대 킬
잠금 해제한 문
압수된 불법 물품
제작
318
1598
무법지대 데스
채집
8839
아이템 감정
765
음료 섭취",0.99,approved,2026-07-29 15:37:58
outlaw_9a0a8c40-f7e0-4f46-b4ab-6148a44bb300,,ෆ야미ෆ,443,797,2,5,0.40,1511622029755809822,483558977431666689,1531920925929242666,https://cdn.discordapp.com/attachments/1511622029755809822/1531920925635772436/image.png?ex=6a6af80a&is=6a69a68a&hm=9d30f174d1e6e88e013528538fd675c0bc3c0cab5b9a2c25ffe8a685d9c30f9d&,"1430
치료 받은
10483
낚시
443
무법지대 킬
23046
벌목
7
15430
압수한 불법 물품
제작
797
무법지대 데스
26541
아이템 감정",0.99,approved,2026-07-29 16:06:54
outlaw_6852cdc6-3a53-4580-82f3-4e1fe2966cd2,,햇밥,56,66,12,5,2.40,1511622029755809822,369020109399916544,1531936880403415101,https://cdn.discordapp.com/attachments/1511622029755809822/1531936880080195594/image.png?ex=6a6b06e6&is=6a69b566&hm=797d22e38753a425771fd13bab7f66a087ae8696a4214f232c5733cf2c93eced&,"298
제작
66
무법지대 데스
56
무법지대 킬
1
압수된 불법 물품",0.99,approved,2026-07-29 17:10:18
outlaw_2b95e839-9a80-4068-9a73-4e0768307c50,,ෆ야미ෆ,447,802,4,5,0.80,1511622029755809822,483558977431666689,1532020256749650050,https://cdn.discordapp.com/attachments/1511622029755809822/1532020256384614680/image.png?ex=6a6b548c&is=6a6a030c&hm=eaad8ed3f621e9d28baf07de74229324580e312c1619e8fc23a9e44a834696cd&,"1430
치료 받은
10483
낚시
7
447
무법지대 킬
23046
벌목
15430
압수한 불법 물품
제작
802
무법지대 데스
26541
아이템 감정",0.98,approved,2026-07-29 22:41:39
outlaw_9e210604-b085-43ed-bc5c-c37333d2cfa2,,화윤,200,543,3,4,0.75,1511622029755809822,515752022864035850,1532020286952575116,https://cdn.discordapp.com/attachments/1511622029755809822/1532020286491463801/image.png?ex=6a6b5493&is=6a6a0313&hm=0496bb6db43c5586c9c2d6c3c2fc8c530b526e2424504a202a41a72bf040fc65&,"989
죽음
29537
벌목
1942
음료 섭취
200
12
7633
무법지대 킬
압수한 불법 물품
제작
543
무법지대 데스
17
채집",0.99,approved,2026-07-29 22:41:43
outlaw_e8f9b850-4af7-4d34-a423-d717f51a4367,,양파,1217,1100,8,8,1.00,1511622029755809822,1256231097499516989,1532020289280675911,https://cdn.discordapp.com/attachments/1511622029755809822/1532020288726761662/image.png?ex=6a6b5494&is=6a6a0314&hm=94beaff437bc8b95c353221c4f53d8cb7a458db7771964eab7fd31c88263eef0&,"1100
무법지대 데스
2473
치료 받은
699
채집
1217
무법지대 킬",0.98,approved,2026-07-29 22:41:46
outlaw_d56a93f4-aaec-4e2c-8de5-c13f86a1454f,,영포티,290,493,6,4,1.50,1511622029755809822,533679079388610560,1532020389528473600,https://cdn.discordapp.com/attachments/1511622029755809822/1532020389096456192/4195AF78-790D-454E-8E74-5ECB122F1297.png?ex=6a6b54ac&is=6a6a032c&hm=e4e0f5ee5f83d95fe763080b23b1d2fcfdcf184f2f14dc0ca97918511bda52ec&,"493
67341
84
603
무법지대 데스
채광
압수된 불법 물품
잠금 해제한 문
6453
2630
택배 배달
채집
6670
철도
23560
낚시
17555
아이템 감정
72623
벌목
17
수감
290
무법지대 킬",0.98,approved,2026-07-29 22:42:08
outlaw_f3950bbf-f15d-47fb-b398-cad85eedc7ce,,박두억,1317,569,21,6,3.50,1511622029755809822,355887922597199876,1532020443874197586,https://cdn.discordapp.com/attachments/1511622029755809822/1532020443882455232/image.png?ex=6a6b54b9&is=6a6a0339&hm=c03295b327999b30e4a3f1a446a3854a45688474c7b57f567fb59e9f0ba62a47&,"1317
무법지대 킬
23984
낚시
923
잠금 해제한 문
6559
제작
34272
벌목
569
무법지대 데스",0.98,approved,2026-07-29 22:42:21
outlaw_8cbd2886-16f8-4e53-b77c-a1f8ceca4b7d,,형석,211,186,10,4,2.50,1511622029755809822,275907220032716800,1532020557338382436,https://cdn.discordapp.com/attachments/1511622029755809822/1532020557044777100/image.png?ex=6a6b54d4&is=6a6a0354&hm=14fd424dfd04c092504517061798da95ebaaac7e436898862592ecd17ec82437&,"6082
아이템 감정
186
무법지대 데스
211
무법지대 킬
7
절도",0.97,approved,2026-07-29 22:42:48
outlaw_80e361af-6925-417d-bedb-4c2ff855a0e8,,만석침,1517,854,22,1,22.00,1511622029755809822,379225684242989058,1532020569707380828,https://cdn.discordapp.com/attachments/1511622029755809822/1532020569178902618/2026-07-29_224233.png?ex=6a6b54d7&is=6a6a0357&hm=93548f3b892a286f2d396cd321a613508ee3e9ba50b51871dff1d24d4369a7df&,"962
아이템 개조
854
무법지대 데스
1247
잠금 해제한 문
17509
제작
516
제련
1517
무법지대 킬
2154
음료 섭취",0.99,approved,2026-07-29 22:42:52
outlaw_ede4c3fa-27bd-42b2-be56-132912caa3bc,,벚꽃,195,415,2,5,0.40,1511622029755809822,731516789917483049,1532020703413407885,https://cdn.discordapp.com/attachments/1511622029755809822/1532020703132651520/image.png?ex=6a6b54f7&is=6a6a0377&hm=6b2bfcea50e751eb0bfd53fa03b0cf382283ab70d44eca2ceabbe21d8d110ca5&,"415
21
195
무법지대 데스
압수한 불법 물품
무법지대 킬",0.99,approved,2026-07-29 22:43:24
outlaw_efd7cd5d-5e5a-4f8d-bc8d-bf33140c2f51,,햇밥,61,71,5,5,1.00,1511622029755809822,369020109399916544,1532020724716535971,https://cdn.discordapp.com/attachments/1511622029755809822/1532020724393578547/image.png?ex=6a6b54fc&is=6a6a037c&hm=5066b534b2ff7e2e4597d666ff8d6032363c191c833bc0acfd0e06c8660f5e31&,"298
제작
71
무법지대 데스
61
무법지대 킬
1
압수된 불법 물품",0.99,approved,2026-07-29 22:43:28
outlaw_b88c1a13-63c5-4f28-a10b-21606c674ed2,,구만집,570,322,16,4,4.00,1511622029755809822,386043747227402245,1532020729766481950,https://cdn.discordapp.com/attachments/1511622029755809822/1532020729346785324/wdazczcv2dve12v.png?ex=6a6b54fd&is=6a6a037d&hm=6145674f18b5cf29d1952882f69c18242aaf7ff0cb425199bc99418812765b8d&,"457
138
2192
570
무법지대 킬
잠금 해제한 문
압수된 불법 물품
제작
322
1598
무법지대 데스
채집
8839
아이템 감정
765
음료 섭취",0.99,approved,2026-07-29 22:43:29
outlaw_21b25118-1434-4562-9583-a5aefbe4c19b,,백민훈,1307,955,12,4,3.00,1511622029755809822,348387167245959180,1532023681302265946,https://cdn.discordapp.com/attachments/1511622029755809822/1532023680924782823/image.png?ex=6a6b57bd&is=6a6a063d&hm=ebc0ffe8fc85bdb3f38e2ce53cff36b252a4ec7df943732cd86ed8ca9387d51b&,"42235
벌목
1307
무법지대 킬
955
무법지대 데스
6656
택배 배달",0.98,approved,2026-07-29 22:55:14
outlaw_97e8257e-6e9f-4f9a-a5a9-5b55bcd040cb,,키스,405,527,11,3,3.67,1511622029755809822,578196304803528724,1532024446804689147,https://cdn.discordapp.com/attachments/1511622029755809822/1532024446507024506/image.png?ex=6a6b5873&is=6a6a06f3&hm=a95bb2e70bdcc8b70bc64271fdf6e0a34bd3f0a96f69f7f5c2b263417381bea2&,"527
2061
무법지대 데스
절도
108
405
압수된 불법 물품
무법지대 킬",0.98,approved,2026-07-29 22:58:17
outlaw_8f8bc409-d28b-4a93-a201-aec1dec225b7,,샹크스,396,705,13,17,0.76,1511622029755809822,411443825869848577,1532033857551990877,https://cdn.discordapp.com/attachments/1511622029755809822/1532033857233096794/image.png?ex=6a6b6137&is=6a6a0fb7&hm=13f1f41a7913c2d47335a4e0ebe565b5093a2cb912090aa754d887ac92baed73&,"300
혼수 치료
705
무법지대 데스
3033
택배 배달
5377
채집
396
무법지대 킬
19603
절도",0.98,approved,2026-07-29 23:35:40
outlaw_3579d3ad-f7f0-4534-98ae-5f8428495a66,,벚꽃,199,418,4,3,1.33,1511622029755809822,731516789917483049,1532638635629740063,https://cdn.discordapp.com/attachments/1511622029755809822/1532638635306782731/image.png?ex=6a6d9475&is=6a6c42f5&hm=6cc6e99d2a91ffeca02454d4bf603f315209d2d1e15758e6c364e60f6564aa39&,"418
21
199
무법지대 데스
압수한 불법 물품
무법지대 킬",0.99,approved,2026-07-31 15:38:53
outlaw_46f62a07-4202-4d2a-aa86-a28ae37a4a6f,,영포티,290,498,0,5,0.00,1526900240186216659,533679079388610560,1532638925053497436,https://cdn.discordapp.com/attachments/1526900240186216659/1532638924919541940/98400EB6-F90D-4748-B34A-C4027F3DC22B.png?ex=6a6d94ba&is=6a6c433a&hm=9e0a7108f3456daa9a155c13379c895655c176f64e0d3ff7feb2ed71c1f2cbce&,"498
67341
84
603
무법지대 데스
채광
압수된 불법 물품
잠금 해제한 문
6453
2630
택배 배달
채집
6670
철도
23560
낚시
17555
아이템 감정
17
수감
74715
벌목
290
무법지대 킬",0.98,approved,2026-07-31 15:39:59
outlaw_22936b32-b737-47db-8e1f-d2fdb1ec3113,,조창봉,983,786,12,5,2.40,1511622029755809822,338900767488606211,1532640702754984078,https://cdn.discordapp.com/attachments/1511622029755809822/1532640702352064653/2026-07-31_154644.png?ex=6a6d9662&is=6a6c44e2&hm=42db00553b22a71b9d8a50b2bedcf2aceaaa6000283af3537c0879d53cb1949e&,"786
무법지대 데스
983
무법지대 킬",0.99,approved,2026-07-31 15:47:03
outlaw_923133d6-a04f-445d-a037-f4e20a8924c4,,박두억,1330,572,13,3,4.33,1511622029755809822,355887922597199876,1532640729132957716,https://cdn.discordapp.com/attachments/1511622029755809822/1532640728784703681/image.png?ex=6a6d9668&is=6a6c44e8&hm=23f828506b2f6b9b47557894ad2a38babea1c61a0d35d2e2822d5905e48addad&,"1330
무법지대 킬
23984
낚시
923
잠금 해제한 문
6648
제작
34272
벌목
572
무법지대 데스",0.98,approved,2026-07-31 15:47:10
outlaw_0d23388d-95c1-4853-8bfe-0d4d7958612b,,구만집,579,325,9,3,3.00,1511622029755809822,386043747227402245,1532640801241436261,https://cdn.discordapp.com/attachments/1511622029755809822/1532640800838651954/awdawdazcxzcxzv3241242314.png?ex=6a6d967a&is=6a6c44fa&hm=8417a2a7de63ac3897d468e928982cadf1be73880a5993939103aaa9cbce095a&,"476
138
2194
579
무법지대 킬
잠금 해제한 문
압수된 불법 물품
제작
325
1598
무법지대 데스
채집
9012
아이템 감정
765
음료 섭취",0.99,approved,2026-07-31 15:47:26
outlaw_c3991e53-71f9-4c3f-8e34-97e888c62dc7,,화윤,202,548,2,5,0.40,1511622029755809822,515752022864035850,1532641026873753650,https://cdn.discordapp.com/attachments/1511622029755809822/1532641026588545174/image.png?ex=6a6d96af&is=6a6c452f&hm=b29e46724584e55d0a8532aff86d4bdb4012e2526512536e3b11bea6583b7f16&,"21272
29537
1942
아이템 감정
벌목
음료 섭취
202
12
7817
무법지대 킬
압수한 불법 물품
제작
548
무법지대 데스
17
채집",0.99,approved,2026-07-31 15:48:21
outlaw_33658ffa-0c35-4de1-8744-2ebc7dbf2748,,ෆ야미ෆ,452,805,5,3,1.67,1511622029755809822,483558977431666689,1532641106339041380,https://cdn.discordapp.com/attachments/1511622029755809822/1532641105852629063/image.png?ex=6a6d96c2&is=6a6c4542&hm=6568d5cf7ecb0612b82771b93de173bcb9ccf4cd8f5542a02fd68b65b4efa80d&,"1437
치료 받은
10483
낚시
7
452
무법지대 킬
23046
벌목
15536
압수한 불법 물품
제작
805
무법지대 데스
26708
아이템 감정",0.98,approved,2026-07-31 15:48:41
outlaw_01880db6-4d4c-4e93-93ba-1d74960714c0,,샹크스,402,710,6,5,1.20,1511622029755809822,411443825869848577,1532641110415900682,https://cdn.discordapp.com/attachments/1511622029755809822/1532641109770240110/image.png?ex=6a6d96c3&is=6a6c4543&hm=b9a2246c0694e201a8b28ec15bce046f942a1f0a60bce8413295cdc750f12928&,"301
혼수 치료
710
무법지대 데스
3033
택배 배달
5377
채집
402
무법지대 킬
20084
절도",0.97,approved,2026-07-31 15:48:44
outlaw_b796ef24-45b0-4b53-8acd-e0602fc83946,,양파,1227,1105,10,5,2.00,1511622029755809822,1256231097499516989,1532642370154401873,https://cdn.discordapp.com/attachments/1511622029755809822/1532642370041024652/image.png?ex=6a6d97f0&is=6a6c4670&hm=08eaaa32a2d427797a1aba7a632bebae8e3224aafa50f15fc589363c493edb54&,"1105
무법지대 데스
2486
치료 받은
699
채집
1227
무법지대 킬",0.98,approved,2026-07-31 15:53:40
outlaw_f887453d-6a8a-41ff-98b9-7b94e598e68f,,키스,408,530,3,3,1.00,1511622029755809822,578196304803528724,1532643598758182912,https://cdn.discordapp.com/attachments/1511622029755809822/1532643598439419975/image.png?ex=6a6d9915&is=6a6c4795&hm=5b64de25880d61804aa5976f5d9a628c4df93142c86b9b139ca950785c09f6f6&,"530
235
무법지대 데스
아이템 개조
408
무법지대 킬",0.99,approved,2026-07-31 15:58:34
outlaw_5f9b02f2-6c28-4e11-9f85-95e7aa443fbe,,햇밥,69,76,8,5,1.60,1511622029755809822,369020109399916544,1532644405985546270,https://cdn.discordapp.com/attachments/1511622029755809822/1532644405721432166/image.png?ex=6a6d99d5&is=6a6c4855&hm=517e233f24c66cf3ad09ad350c4410785ccb6c8ba086089e2ba387583ebb2b6e&,"76
3
무법지대 데스
수감
1
압수된 불법 물품
69
무법지대 킬",0.98,approved,2026-07-31 16:01:46
outlaw_fc0eb319-fb74-480d-934e-ebe5e034db5c,,화윤,202,553,0,5,0.00,1511622029755809822,515752022864035850,1532749174830010579,https://cdn.discordapp.com/attachments/1511622029755809822/1532749174498656437/image.png?ex=6a6dfb68&is=6a6ca9e8&hm=dae83bd009e50c5238d84f8e734788add109f95bfbb61c3a0ce2f51035416405&,"1276
29537
치료 받은
벌목
1942
음료 섭취
553
12
7937
무법지대 데스
압수한 불법 물품
제작
202
무법지대 킬
17
채집",0.98,approved,2026-07-31 22:58:06
outlaw_ab22b870-a8eb-479a-872d-bb1630b17e18,,양파,1239,1109,12,4,3.00,1511622029755809822,1256231097499516989,1532749565986607367,https://cdn.discordapp.com/attachments/1511622029755809822/1532749565613052115/image.png?ex=6a6dfbc5&is=6a6caa45&hm=f5b5d0dfae90ce9e398f9a4bc8ddb47724bd8f79638db00249a7f51ff9060f61&,"1109
무법지대 데스
2488
치료 받은
699
채집
1239
무법지대 킬",0.99,approved,2026-07-31 22:59:39
outlaw_41d93dfd-596c-473b-8ab9-7463066c7e67,,샹크스,406,716,4,6,0.67,1511622029755809822,411443825869848577,1532749832995864738,https://cdn.discordapp.com/attachments/1511622029755809822/1532749832509460621/image.png?ex=6a6dfc05&is=6a6caa85&hm=a63c02544f9b724211e5786a7ff87f62f58c46431c9da6ae11a614205788f986&,"302
혼수 치료
716
무법지대 데스
3033
택배 배달
5377
채집
406
무법지대 킬
20351
절도",0.98,approved,2026-07-31 23:00:46
outlaw_8a5f54d0-c473-4430-b3c9-b932c37f5c76,,서팔광,233,338,13,9,1.44,1511622029755809822,423122260669366283,1532750095169224764,https://cdn.discordapp.com/attachments/1511622029755809822/1532750094850588783/image.png?ex=6a6dfc43&is=6a6caac3&hm=2fd0cfdadc056847fc72c8aaaea42bad22e5fac0b681e3fb46875aae8d975c10&,"8
64
10523
잠금 해제한 문
NPC 아이템 감정
아이템 감정
338
11
무법지대 데스
수감
233
무법지대 킬
2119
17
제작
압수된 불법 물품",0.99,approved,2026-07-31 23:01:45
outlaw_73f824f6-b3bc-4666-b7e2-09ef70671c8c,,키스,412,531,4,1,4.00,1511622029755809822,578196304803528724,1532750353181708439,https://cdn.discordapp.com/attachments/1511622029755809822/1532750352934506587/image.png?ex=6a6dfc81&is=6a6cab01&hm=b2230eb5479364bdb074eb360b622c8aef5b7c3e6a136fa3a993c9c076017e1a&,"531
2081
412
무법지대 킬
무법지대 데스
절도",0.98,approved,2026-07-31 23:02:45
outlaw_772ebac6-42dd-420a-87af-ba042c19f311,,박두억,1342,575,12,3,4.00,1511622029755809822,355887922597199876,1532750408404177170,https://cdn.discordapp.com/attachments/1511622029755809822/1532750408265502721/image.png?ex=6a6dfc8e&is=6a6cab0e&hm=658a6468ce8ece1a8bccda795a701b540ee79542e80fad76a49730c375437747&,"1342
무법지대 킬
23984
낚시
923
잠금 해제한 문
6657
제작
34272
벌목
575
무법지대 데스",0.99,approved,2026-07-31 23:03:00
outlaw_15512acd-4cb6-49aa-bbc7-e71ba3537618,,영포티,293,502,3,4,0.75,1511622029755809822,533679079388610560,1532750430893772810,https://cdn.discordapp.com/attachments/1511622029755809822/1532750430528995328/FCB1B0E5-2421-4C83-8723-258CCFE1CD89.png?ex=6a6dfc93&is=6a6cab13&hm=af955acfc3a3210b8d571903338e58b9242cb62de8893df54f6510e976918429&,"19110
제작
5435
650
4128
치료 받은
음료 섭취
16226
음식 섭취
제련
502
67341
무법지대 데스
채광
6453
2630
택배 배달
채집
6670
절도
23560
낚시
172
혼수 치료
84
760
죽음
555
아이템 개조
603
압수된 불법 물품
잠금 해제한 문
17555
아이템 감정
17
수감
75146
벌목
293
무법지대 킬",0.98,approved,2026-07-31 23:03:05
outlaw_f489f736-4b1c-4416-8281-67c7324c0349,,형석,213,192,2,6,0.33,1511622029755809822,275907220032716800,1532750462791454800,https://cdn.discordapp.com/attachments/1511622029755809822/1532750462313431061/image.png?ex=6a6dfc9b&is=6a6cab1b&hm=b1dcffb8ef2939baea08e8cc5d5d5b82371f114960662f9af200d6df2716188c&,"2334
192
무법지대 데스
213
6684
무법지대 킬
아이템 감정
제작
+",0.99,approved,2026-07-31 23:03:11
outlaw_ee2b10f3-bb3f-4724-8c30-c4394540f2ab,,조창봉,999,787,16,1,16.00,1511622029755809822,338900767488606211,1532753651649482782,https://cdn.discordapp.com/attachments/1511622029755809822/1532753651339366633/2026-07-31_231538.png?ex=6a6dff93&is=6a6cae13&hm=1ea4eaf550c0486d474159000afa89738ed7b5590109f1b28f15049d10fc2cf1&,"787
무법지대 데스
999
무법지대 킬",0.99,approved,2026-07-31 23:15:54
outlaw_a356f36f-a0e7-41fb-a66d-57bc1460a981,,만석침,1524,856,7,2,3.50,1511622029755809822,379225684242989058,1532754527856365588,https://cdn.discordapp.com/attachments/1511622029755809822/1532754527537729556/2026-07-31_231909.png?ex=6a6e0064&is=6a6caee4&hm=161a716451e5f82037b69ee16e4140f647da5e866033995e7d7a4c8b2d8c0765&,"969
아이템 개조
856
무법지대 데스
1247
잠금 해제한 문
17514
제작
516
제련
1524
무법지대 킬
2154
음료 섭취",0.99,approved,2026-07-31 23:19:21
outlaw_2a7cd42f-b6ad-44a3-8997-d994568b2dc9,,벚꽃,200,421,1,3,0.33,1511622029755809822,731516789917483049,1532754547443765299,https://cdn.discordapp.com/attachments/1511622029755809822/1532754547100094554/image.png?ex=6a6e0069&is=6a6caee9&hm=8998599268161b41e972930d8b03932f2e5a6cb35112c39a717cc550ad1eac22&,"421
21
200
무법지대 데스
압수한 불법 물품
무법지대 킬
53
플러",0.95,approved,2026-07-31 23:19:27
outlaw_d3b4cf20-a4a5-4575-8f1c-f80aef7cbea2,,백민훈,1315,958,8,3,2.67,1511622029755809822,348387167245959180,1532757219492499519,https://cdn.discordapp.com/attachments/1511622029755809822/1532757219421061342/image.png?ex=6a6e02e6&is=6a6cb166&hm=151ddd5b7e7dde00dad31854a4ceb235218a24072c527a81ca47cd7ba91c2fbd&,"42235
벌목
1315
무법지대 킬
958
무법지대 데스
6656
택배 배달",0.98,approved,2026-07-31 23:30:04
outlaw_d3ee1b04-502a-4012-b933-da21a5ee23b7,,구만집,597,332,18,7,2.57,1511622029755809822,386043747227402245,1533005672831254739,https://cdn.discordapp.com/attachments/1511622029755809822/1533005672491257886/wadaw1_32.png?ex=6a6eea4a&is=6a6d98ca&hm=3befcb55f637df47e152e8d6a81e526d5c6b9696eff675a6f6c7996888fff910&,"476
138
2194
332
무법지대 데스
잠금 해제한 문
압수된 불법 물품
제작
597
무법지대 킬
1598
채집
9012
아이템 감정
765
음료 섭취",0.99,approved,2026-08-01 15:57:18
outlaw_24f0a415-ad95-44b7-9b5b-e45a56bf1b1b,,형석,220,199,7,7,1.00,1511622029755809822,275907220032716800,1533005724148301974,https://cdn.discordapp.com/attachments/1511622029755809822/1533005723636727991/image.png?ex=6a6eea56&is=6a6d98d6&hm=3d7be86560621526be3c73e06a688b496d3960f8c1abbc3349c16faa45b73b7b&,"125
혼수 치료
220
무법지대 킬
223
치료 받은
199
무법지대 데스
45
아이템 개조
5
수감",0.99,approved,2026-08-01 15:57:30
outlaw_3280b5f3-a420-4a34-a74f-e29e86166dad,,만석침,1537,859,13,3,4.33,1511622029755809822,379225684242989058,1533005786962198720,https://cdn.discordapp.com/attachments/1511622029755809822/1533005786530189343/2026-08-01_155730.png?ex=6a6eea65&is=6a6d98e5&hm=9c8ec06216c51211d58f2d6bb8051700f314130b6a4dfbec5b7f4ec46b8bf07f&,"859
무법지대 데스
1247
잠금 해제한 문
516
제련
1537
무법지대 킬",0.99,approved,2026-08-01 15:57:45
outlaw_e629b4e5-affb-449b-9bdd-29afef7a1570,,서팔광,243,344,10,6,1.67,1511622029755809822,423122260669366283,1533005815923867711,https://cdn.discordapp.com/attachments/1511622029755809822/1533005815601037352/image.png?ex=6a6eea6c&is=6a6d98ec&hm=84bd677e80f1dc5dc9f71d505f9b2b9b5d93622788e301abb452e22527d25851&,"8
64
10523
잠금 해제한 문
NPC 아이템 감정
아이템 감정
344
11
무법지대 데스
수감
2119
제작
243
무법지대 킬
17
압수된 불법 물품",0.99,approved,2026-08-01 15:57:52
outlaw_7a9e11f5-ab12-46c9-a8a0-61656737ea6b,,백민훈,1325,966,10,8,1.25,1511622029755809822,348387167245959180,1533005992927821974,https://cdn.discordapp.com/attachments/1511622029755809822/1533005992583893093/image.png?ex=6a6eea96&is=6a6d9916&hm=ae6b67beae0563b572559443c2768febd56e1577c76e2c6b9453ca7dafe24056&,"42235
벌목
1325
무법지대 킬
966
무법지대 데스
6656
택배 배달",0.98,approved,2026-08-01 15:58:34
outlaw_26569953-8a71-4fa9-9ea6-e2e7e1f3c5b1,,영포티,299,507,6,5,1.20,1511622029755809822,533679079388610560,1533006210259882088,https://cdn.discordapp.com/attachments/1511622029755809822/1533006210326855831/8CFBC794-36DB-4985-903D-89EC4F14B6CB.png?ex=6a6eeaca&is=6a6d994a&hm=53d357df7d9b6ccb10aa9ae49c327514267bfbdef5396e50b4b1b089e1297bf2&,"507
67341
84
603
무법지대 데스
채광
압수된 불법 물품
잠금 해제한 문
6453
2630
택배 배달
채집
17
수감
6670
절도
75146
벌목
299
무법지대 킬
2400
17555
알바 총 수입
아이템 감정
23560
1
낚시
알바 완료횟수
거",0.98,approved,2026-08-01 15:59:25
outlaw_9755e94d-56a5-40d5-9269-6eb48773463f,,박두억,1350,582,8,7,1.14,1511622029755809822,355887922597199876,1533006290023092315,https://cdn.discordapp.com/attachments/1511622029755809822/1533006289687543878/image.png?ex=6a6eeadd&is=6a6d995d&hm=689c17b9b6e8a90c35b1d994d7f9826e3afccc6ffbab3e2a6b6cccff668eefca&,"1350
무법지대 킬
923
잠금 해제한 문
23984
낚시
6730
제작
34272
벌목
582
무법지대 데스",0.98,approved,2026-08-01 15:59:46
outlaw_f69c8212-7b03-4b9b-8b60-c4948b393758,,조창봉,1016,791,17,4,4.25,1511622029755809822,338900767488606211,1533007791977922620,https://cdn.discordapp.com/attachments/1511622029755809822/1533007791672000542/2026-08-01_160537.png?ex=6a6eec43&is=6a6d9ac3&hm=f718aaa709feb98327198d36d737b48f36c26f5a29f5c8dfd773f5575d2e8810&,"791
무법지대 데스
1016
무법지대 킬",0.99,approved,2026-08-01 16:05:43
outlaw_86ba6cf9-38ff-44ae-b7c5-c75f68981e63,,햇밥,83,87,14,11,1.27,1511622029755809822,369020109399916544,1533008495727743066,https://cdn.discordapp.com/attachments/1511622029755809822/1533008495186546699/image.png?ex=6a6eeceb&is=6a6d9b6b&hm=017f7dde82d7c5a8a8bfe420e53bc8c8f7bc2056a08058168963c40d18a52e61&,"87
3
무법지대 데스
수감
1
압수된 불법 물품
83
무법지대 킬",0.98,approved,2026-08-01 16:08:30
outlaw_5d7d7b00-c89b-4388-acc6-5c1a98bf7405,,양파,1248,1117,9,8,1.13,1511622029755809822,1256231097499516989,1533009137686941726,https://cdn.discordapp.com/attachments/1511622029755809822/1533009137305391166/image.png?ex=6a6eed84&is=6a6d9c04&hm=104c31883d99a8fabf0517797b10f0e96d81a55eab2cdd3b085f4eb305af63a4&,"1117
무법지대 데스
2490
치료 받은
699
채집
1248
무법지대 킬",0.99,approved,2026-08-01 16:11:03
outlaw_63429105-822f-421d-9d8b-f112b0fcc5e1,,샹크스,410,724,4,8,0.50,1511622029755809822,411443825869848577,1533009261951717437,https://cdn.discordapp.com/attachments/1511622029755809822/1533009261976752218/image.png?ex=6a6eeda1&is=6a6d9c21&hm=49021826c1182a1f34aa41de09fc00b484bad1a39779ff3a698aa56bd8e29280&,"724
무법지대 데스
5377
채집
407
채광
4250
음식 섭취
86
수감
410
무법지대 킬",0.98,approved,2026-08-01 16:11:34
outlaw_8e051ebb-3e4a-49cd-9f77-012215de5694,,벚꽃,202,427,2,6,0.33,1511622029755809822,731516789917483049,1533009275469828107,https://cdn.discordapp.com/attachments/1511622029755809822/1533009275461566744/image.png?ex=6a6eeda5&is=6a6d9c25&hm=8700bc0dff05c00317c34b1146b31066027cad48a2ab951159d8bfd20ee8793c&,"427
21
202
무법지대 데스
압수한 불법물품
무법지대 킬",0.99,approved,2026-08-01 16:11:37
outlaw_ad793107-d0ea-4fd7-8b11-92900658c6ea,,김안녕*,69,387,5,8,0.63,1511622029755809822,1430242889832857631,1533110338445115444,https://cdn.discordapp.com/attachments/1511622029755809822/1533110338365427792/image.png?ex=6a6f4bc4&is=6a6dfa44&hm=53f9f45e38926913f421c10b7344f90d8cc083f254f4238fa6b071dd17808f70&,"387
3703
69
무법지대 킬
무법지대 데스
제작",0.98,approved,2026-08-01 22:53:13
outlaw_c41c23aa-c1ed-4cad-91aa-52facdeb35c6,,만석침,1546,862,9,3,3.00,1511622029755809822,379225684242989058,1533110342257737810,https://cdn.discordapp.com/attachments/1511622029755809822/1533110342048157876/2026-08-01_225252.png?ex=6a6f4bc5&is=6a6dfa45&hm=038f91e0bfcb366a5ff470e48ac6443ee5e0005a8621f8e47022425647d396a5&,"862
무법지대 데스
1247
잠금 해제한 문
516
제련
1546
무법지대 킬",0.98,approved,2026-08-01 22:53:15
outlaw_d95267e7-e21f-42ae-ae23-0d1bb6781afc,,백민훈,1329,969,4,3,1.33,1511622029755809822,348387167245959180,1533110355146969198,https://cdn.discordapp.com/attachments/1511622029755809822/1533110354844848411/image.png?ex=6a6f4bc8&is=6a6dfa48&hm=82cfd61fa63bd77edae6c9dde3a37c34a897f84123625b739590914eac052fcf&,"42235
벌목
1329
무법지대 킬
969
무법지대 데스
6656
택배 배달",0.97,approved,2026-08-01 22:53:17
outlaw_6a5814fa-584e-4e75-ac42-6eb55bee0856,,형석,229,203,9,4,2.25,1511622029755809822,275907220032716800,1533110362193399958,https://cdn.discordapp.com/attachments/1511622029755809822/1533110361866109009/image.png?ex=6a6f4bca&is=6a6dfa4a&hm=1026c20a162a8bd2d458a4217d05e4507fde6642a95a87ed1835eb2007ab111c&,"228
치료 받은
127
혼수 치료
229
무법지대 킬
203
무법지대 데스
45
아이템 개조
5
수감",0.98,approved,2026-08-01 22:53:18
outlaw_6ec33c23-1f3d-4654-9ef4-840189a81bb9,,양파,1254,1122,6,5,1.20,1511622029755809822,1256231097499516989,1533110479616999546,https://cdn.discordapp.com/attachments/1511622029755809822/1533110479638233098/image.png?ex=6a6f4be6&is=6a6dfa66&hm=1bcfb92a419e4b53efec35a27a50e2ce335efbefdabad4dc570bc66edc3c4268&,"1122
무법지대 데스
2499
치료 받은
699
채집
1254
무법지대 킬",0.99,approved,2026-08-01 22:53:46
outlaw_8710abf9-c9c8-4a78-8049-94f4614f36bd,,조창봉,1024,795,8,4,2.00,1511622029755809822,338900767488606211,1533110508075487395,https://cdn.discordapp.com/attachments/1511622029755809822/1533110507756716062/2026-08-01_225346.png?ex=6a6f4bec&is=6a6dfa6c&hm=1711338cd9b0b868c46d538c5df8826b60b92318ca536c88b0cfec2e55f3478c&,"795
무법지대 데스
1024
무법지대 킬",0.99,approved,2026-08-01 22:53:52
outlaw_e7923741-f1d3-4620-af5c-b41fd44be9ce,,영포티,301,509,2,2,1.00,1511622029755809822,533679079388610560,1533110751580131478,https://cdn.discordapp.com/attachments/1511622029755809822/1533110751273680987/EC5003E8-3E43-4223-B5CE-CEA702D53085.png?ex=6a6f4c26&is=6a6dfaa6&hm=0d3758510632443171c04f763a3b6479580b2ff56c394f64687dfec28896b043&,"509
67442
84
603
무법지대 데스
채광
압수된 불법 물품
잠금 해제한 문
6453
2630
택배 배달
채집
17
수감
6670
절도
75146
벌목
301
무법지대 킬
2400
17555
알바 총 수입
아이템 감정
23560
1
낚시
알바 완료횟수",0.98,approved,2026-08-01 22:54:51
outlaw_ca43567a-c99f-43a3-9db7-d2c2d95a4527,,박두억,1357,584,7,2,3.50,1511622029755809822,355887922597199876,1533113128961835039,https://cdn.discordapp.com/attachments/1511622029755809822/1533113128907178116/image.png?ex=6a6f4e5d&is=6a6dfcdd&hm=05bf7b7d87f83e7b43f17562ac80c53a493255a0cce772204be11dfd242ac087&,"1357
무법지대 킬
23984
낚시
923
잠금 해제한 문
6730
제작
34272
벌목
584
무법지대 데스",0.98,approved,2026-08-01 23:04:17
outlaw_1ce151bd-eb4f-4d5e-96bb-92d76326cdda,,햇밥,90,90,7,3,2.33,1511622029755809822,369020109399916544,1533365256376680488,https://cdn.discordapp.com/attachments/1511622029755809822/1533365256082952192/image.png?ex=6a70392d&is=6a6ee7ad&hm=4ede6cc923e2db72258b7895aa73ac752943282ed707830a2a53231e8dbc541b&,"373
제작
90
무법지대 데스
90
무법지대 킬
1
압수된 불법 물품",0.98,approved,2026-08-02 15:46:11
outlaw_2ccc5a63-c696-4a56-a4c0-7a3fd70fbdad,,만석침,1557,866,11,4,2.75,1511622029755809822,379225684242989058,1533365434546524383,https://cdn.discordapp.com/attachments/1511622029755809822/1533365434538131577/2026-08-02_154635.png?ex=6a703958&is=6a6ee7d8&hm=57c4d39aedb1c7ca9429f7a38e7f252e9bed8728795ec9d525552d6708651a06&,"866
무법지대 데스
1247
잠금 해제한 문
516
제련
1557
무법지대 킬",0.99,approved,2026-08-02 15:46:51
outlaw_b4b9a329-2294-478f-a2b4-31efc3bdbcc7,,형석,237,208,8,5,1.60,1511622029755809822,275907220032716800,1533365445875470346,https://cdn.discordapp.com/attachments/1511622029755809822/1533365445585928202/image.png?ex=6a70395a&is=6a6ee7da&hm=d604f545feca292ddb71cebfdd291c03bf17ec103094b260388256bb54793d11&,"129
혼수 치료
232
치료 받은
237
무법지대 킬
208
무법지대 데스
45
5
아이템 개조
수감",0.98,approved,2026-08-02 15:46:53
outlaw_cb48e829-843c-4c4f-bf50-bf63431b9de4,,구만집,602,335,5,3,1.67,1511622029755809822,386043747227402245,1533365484177854656,https://cdn.discordapp.com/attachments/1511622029755809822/1533365484173529088/AWDAWSDWSADASDASDASDA.png?ex=6a703963&is=6a6ee7e3&hm=9bb602461ad6766e3c14941d80322a7e2b176c71d8478e603ec581684badc68c&,"476
138
2194
335
잠금 해제한 문
압수된 불법 물품
제작
무법지대 데스
602
1662
무법지대 킬
채집
9012
아이템 감정
220
알바 총 수입",0.99,approved,2026-08-02 15:47:03
outlaw_8d7e52b5-c1c8-449f-8d7a-592609f8eba9,,영포티,307,514,6,5,1.20,1511622029755809822,533679079388610560,1533365972415680554,https://cdn.discordapp.com/attachments/1511622029755809822/1533365972117880862/ED579CD9-D259-4EAC-995C-50AE60453B14.png?ex=6a7039d8&is=6a6ee858&hm=af7a2b3c49a2097aceaa163cf379e946af1a7220fb6c10ba74e3a0b3f191518a&,"19281
제작
5492
654
4131
치료 받은
음료 섭취
172
563
음식 섭취
혼수 치료
아이템 개조
67442
채광
6453
774
죽음
514
무법지대 데스
16243
84
603
제련
압수된 불법 물품
잠금 해제한 문
2630
택배 배달
채집
17
수감
6670
절도
75512
벌목
307
무법지대 킬
2400
알바 총 수입
17804
아이템 감정
23560
1
낚시
알바 완료횟수",0.98,approved,2026-08-02 15:49:00
outlaw_65ccc943-dc4b-485d-816c-81434be6f5d8,,ෆ야미ෆ,452,808,0,3,0.00,1511622029755809822,483558977431666689,1533367022283653241,https://cdn.discordapp.com/attachments/1511622029755809822/1533367021964755035/image.png?ex=6a703ad2&is=6a6ee952&hm=261896662fe0e30d319f763eb16a3cf79035a69164c23eb3760d60f1cadfc8ce&,"1442
치료 받은
10483
낚시
7
452
무법지대 킬
23046
벌목
15570
압수한 불법 물품
제작
220
알바 총 수입
808
무법지대 데스",0.99,approved,2026-08-02 15:53:09
outlaw_81ae1beb-8796-4b6d-9a5f-0401471e6d1d,,양파,1257,1123,3,1,3.00,1511622029755809822,1256231097499516989,1533367726662352927,https://cdn.discordapp.com/attachments/1511622029755809822/1533367726397980775/image.png?ex=6a703b7a&is=6a6ee9fa&hm=4b01f5a53cd6ca41abe6e5a181773da83c08387686c34c4d76225a267dcdc15d&,"1123
무법지대 데스
8527
벌목
15171
제작
1257
무법지대 킬",0.99,approved,2026-08-02 15:55:58
outlaw_cb7570e9-ad09-44e4-8e7c-2efd5a6bf46b,,박두억,1359,586,2,2,1.00,1511622029755809822,355887922597199876,1533367837186592929,https://cdn.discordapp.com/attachments/1511622029755809822/1533367836800585748/image.png?ex=6a703b94&is=6a6eea14&hm=db05e3861722f05d9cf0e8175aff92871688ec681eb93e74666fd2c2ca80a143&,"1359
무법지대 킬
23984
낚시
923
잠금 해제한 문
6826
제작
34272
벌목
586
무법지대 데스",0.98,approved,2026-08-02 15:56:24
outlaw_428b3f7f-5af3-41cd-baab-fac7b05991b9,,조창봉,1031,797,7,2,3.50,1511622029755809822,338900767488606211,1533367907055046656,https://cdn.discordapp.com/attachments/1511622029755809822/1533367906736275456/2026-08-02_155628.png?ex=6a703ba5&is=6a6eea25&hm=b794f131590a81b290a911ec4346ac254291c5f3de4f703b6c9b2134fdbd6dd8&,"aum
2개월4주 1일 8시간 26분 13초
총 플레이타임
834
누적 레벨
36860
797
1031
1551
무법지대 데스
무법지대 킬
음료 섭취
낚시
667
5682
284
치료 받은
음식 섭취
혼수 치료
58
4447
436
압수된 불법 물품
절도
잠금 해제한 문
694
26142
아이템 개조
아이템 감정
5099
채집
956
제련
5484
채광
13765
제작
95659
벌목
1220
죽음
41
수감",0.97,approved,2026-08-02 15:56:40
outlaw_9cce49a9-f4ae-4c4d-89ee-05a106d08571,,백민훈,1331,974,2,5,0.40,1511622029755809822,348387167245959180,1533368221896413184,https://cdn.discordapp.com/attachments/1511622029755809822/1533368221539762297/image.png?ex=6a703bf0&is=6a6eea70&hm=fa48944e111b2e084ac268c455cfc191283cc3172a33ee7fe8e7cfe0772f000a&,"42235
벌목
1331
무법지대 킬
974
무법지대 데스
6656
택배 배달",0.98,approved,2026-08-02 15:57:57
outlaw_5bb51951-0ade-44f3-9d1f-6d7569ff5722,,화윤,203,554,1,1,1.00,1511622029755809822,515752022864035850,1533476115304288448,https://cdn.discordapp.com/attachments/1511622029755809822/1533476115044106240/image.png?ex=6a70a06c&is=6a6f4eec&hm=3fb9245620e80b3f531538607bf598548e556c93586f83e1451bbe7a640601ed&,"578
29537
혼수 치료
벌목
1942
음료 섭취
554
12
7949
무법지대 데스
압수한 불법 물품
제작
203
무법지대 킬
17
채집",0.99,approved,2026-08-02 23:06:41
outlaw_21851280-a40c-4e57-bcbc-1304714fc5e3,,화윤,204,557,1,3,0.33,1511622029755809822,515752022864035850,1533480607089168478,https://cdn.discordapp.com/attachments/1511622029755809822/1533480606799892550/image.png?ex=6a70a49b&is=6a6f531b&hm=0d8f84f759053d0c1c38fe3c2bc010240fca2d14caa7092876281b8c33035b58&,"578
29537
혼수 치료
벌목
1942
음료 섭취
557
12
7949
무법지대 데스
압수한 불법 물품
제작
204
무법지대 킬
17
채집",0.99,approved,2026-08-02 23:24:31
outlaw_4687288c-70cc-4fad-ac8d-e7c547f8fc9f,,영포티,309,518,2,4,0.50,1511622029755809822,533679079388610560,1533480827781120122,https://cdn.discordapp.com/attachments/1511622029755809822/1533480827420278944/A7840209-3201-42BB-AE06-CC93818D27C1.png?ex=6a70a4cf&is=6a6f534f&hm=a5c1de4cc607d8f3dafbda0729fab9f9952c9fe0c03ffd591fefbb4cb3a556eb&,"19285
제작
5504
656
4131
782
치료 받은
음료 섭취
죽음
172
564
67442
음식 섭취
혼수 치료
아이템 개조
채광
16243
84
603
제련
압수된 불법 물품
잠금 해제한 문
2630
채집
6670
절도
2400
17804
알바 총 수입
아이템 감정
23560
낚시
518
309
무법지대 데스
무법지대 킬
6453
택배 배달
17
수감
75693
알바 완료횟수
벌목
B
A
게임 종료하기
FiveM* (b37.",0.97,approved,2026-08-02 23:25:24
outlaw_37a25eec-12ca-4678-ba95-c7a5c7c80561,,양파,1259,1128,2,5,0.40,1511622029755809822,1256231097499516989,1533480856918818987,https://cdn.discordapp.com/attachments/1511622029755809822/1533480856700719214/image.png?ex=6a70a4d6&is=6a6f5356&hm=8ba747bbd48bffc418f343721ef1bda142283231dff3436f98ce00f47b0c6737&,"43
압수한 불법 물품
8527
벌목
1128
무법지대 데스
6553
낚시
15269
제작
471
제련
1259
무법지대 킬
1024
잠금 해제한 문",0.98,approved,2026-08-02 23:25:30
outlaw_e3461a0a-6f16-4039-89d0-2789f917f823,,ෆ야미ෆ,455,812,3,4,0.75,1511622029755809822,483558977431666689,1533481641643606086,https://cdn.discordapp.com/attachments/1511622029755809822/1533481641295614155/image.png?ex=6a70a591&is=6a6f5411&hm=22eeb0a8e1267ac11e24953075affd620d9f48dbf80446a295da859b2c432bf7&,"455
무법지대 킬
1040
택배 배달
23046
벌목
1368
채집
53
수감
15634
제작
220
알바 총 수입
812
무법지대 데스",0.98,approved,2026-08-02 23:28:39
outlaw_e5aced73-1b55-4fdc-8b21-a52cdf089f4c,,박두억,1367,589,8,3,2.67,1511622029755809822,355887922597199876,1533482359318511636,https://cdn.discordapp.com/attachments/1511622029755809822/1533482358983102595/image.png?ex=6a70a63d&is=6a6f54bd&hm=3ac63289ae1105a2f96d25cc06efdfaf00c056017f5ed95d942f83d10704cdf3&,"1367
무법지대 킬
1200
치료 받은
190
제련
23984
낚시
923
잠금 해제한 문
260
아이템 개조
6860
제작
34272
벌목
589
무법지대 데스",0.98,approved,2026-08-02 23:31:29
outlaw_15a08bdf-6b23-48fa-86b9-a559a34f90a3,,조창봉,1036,803,5,6,0.83,1511622029755809822,338900767488606211,1533482486884077659,https://cdn.discordapp.com/attachments/1511622029755809822/1533482486615511060/2026-08-02_233144.png?ex=6a70a65b&is=6a6f54db&hm=c411d823c88406625020fc673a9f5b96f48ecd72dc85a11e45b8a72ea0ce32d3&,"803
무법지대 데스
1036
무법지대 킬",0.99,approved,2026-08-02 23:32:00
outlaw_5a3e3b9f-24b0-4252-b380-af68e3e0ad1f,,형석,247,213,10,5,2.00,1511622029755809822,275907220032716800,1533482493221666968,https://cdn.discordapp.com/attachments/1511622029755809822/1533482493112483941/image.png?ex=6a70a65d&is=6a6f54dd&hm=0e719ecb4635978f4bdcd50ea19de796a1c15a38c0a1fe7ab17c914ed6bc1ccb&,"7150
아이템 감정
247
무법지대 킬
213
무법지대 데스
2463
제작",0.99,approved,2026-08-02 23:32:01
outlaw_e9c02f90-e41f-4fd8-9fd0-0a62bc4a11ff,,구만집,611,342,9,7,1.29,1511622029755809822,386043747227402245,1533482494790340668,https://cdn.discordapp.com/attachments/1511622029755809822/1533482494505255092/awdadad2142141242141.png?ex=6a70a65d&is=6a6f54dd&hm=36002d6dc592ddf8fea89d83e3b5ba83fac1b1fc89c3035b2305e304aa198679&,"476
138
2194
잠금 해제한 문
압수된 불법 물품
제작
342
1662
무법지대 데스
채집
9012
아이템 감정
611
무법지대 킬
220
알바 총 수입",0.99,approved,2026-08-02 23:32:02
outlaw_789da155-7027-42e1-a048-57399b7c241f,,벚꽃,206,433,4,6,0.67,1511622029755809822,731516789917483049,1533482510032310354,https://cdn.discordapp.com/attachments/1511622029755809822/1533482509608812575/image.png?ex=6a70a661&is=6a6f54e1&hm=d85dac5845b35f2ac47fe00f30e16ffd32f1d3d12474d3b2a47fb253534f6ff0&,"433
21
무법지대 데스
압수한 불법 물품
206
무법지대 킬",0.99,approved,2026-08-02 23:32:05
outlaw_46338c7e-13e1-43f5-9776-e9584f01d159,,만석침,1565,871,8,5,1.60,1511622029755809822,379225684242989058,1533482515745214564,https://cdn.discordapp.com/attachments/1511622029755809822/1533482515426181241/2026-08-02_233140.png?ex=6a70a662&is=6a6f54e2&hm=6da943723e7b36618cf428c8d3f291216d9f8c43905e8148dd7f27de683fde70&,"871
무법지대 데스
17564
제작
391
압수된 불법 물품
12317
낚시
1189
채집
516
제련
46375
아이템 감정
1565
무법지대 킬",0.98,approved,2026-08-02 23:32:07
outlaw_6e95dcff-64d0-4a5d-9109-bfb3be791f9c,,백민훈,1334,979,3,5,0.60,1511622029755809822,348387167245959180,1533494796348297317,https://cdn.discordapp.com/attachments/1511622029755809822/1533494796038049822/image.png?ex=6a70b1d2&is=6a6f6052&hm=84ca259bb62c37e644f1b1502b7a25a6d55ad140a1b3ace9eaece304d98574b6&,"42235
벌목
1334
무법지대 킬
979
무법지대 데스
6656
택배 배달",0.98,approved,2026-08-03 00:20:54
outlaw_662b1ad9-1a30-4661-b374-cbf17dca1614,,샹크스,421,738,11,14,0.79,1511622029755809822,411443825869848577,1533525640534560940,https://cdn.discordapp.com/attachments/1511622029755809822/1533525640261800126/image.png?ex=6a70ce8c&is=6a6f7d0c&hm=a73b0d0c70ccaa7114740ad408bd14ddc8cb0c3c118b44e4883f2e49afccef85&,"738
무법지대 데스
5945
채집
20533
절도
421
무법지대 킬",0.98,approved,2026-08-03 02:23:28
outlaw_50dab1bc-79e6-42de-98f8-0ea697a8387f,,키스,421,536,9,5,1.80,1511622029755809822,578196304803528724,1534455090159550507,https://cdn.discordapp.com/attachments/1511622029755809822/1534455090046566541/image.png?ex=6a74302a&is=6a72deaa&hm=7834cb651e7b940a79d89db6152eae787feac62a8e98c7ea3d484a608a081191&,"536
무법지대 데스
421
무법지대 킬",0.98,approved,2026-08-05 15:56:46
outlaw_743e5fef-31be-4fee-9e5e-22f186792a40,,형석,269,218,22,5,4.40,1511622029755809822,275907220032716800,1534455268614868993,https://cdn.discordapp.com/attachments/1511622029755809822/1534455268262412369/image.png?ex=6a743054&is=6a72ded4&hm=c63f483906bae9faa4f6c1faf3a0f34896bd7e050ed17e2d4c304e3388150916&,"241
치료 받은
269
무법지대 킬
218
무법지대 데스
49
아이템 개조",0.99,approved,2026-08-05 15:57:29
outlaw_ef54a6c4-8bbf-4b67-874c-a9924c4c15f5,,햇밥,101,95,11,5,2.20,1511622029755809822,369020109399916544,1534455326974148618,https://cdn.discordapp.com/attachments/1511622029755809822/1534455326387208283/image.png?ex=6a743062&is=6a72dee2&hm=b0b8dad3b7dcd4b7e1433886e15a3ad5b2764e8c75dba336527611109c188de8&,"83
33
아이템 개조
혼수 치료
101
4
448
제작
95
무법지대 데스
20
무법지대 킬
수감
절도
1
알바 완료횟수
1
압수된 불법 물품",0.98,approved,2026-08-05 15:57:42
outlaw_71ae3c55-76a7-49a7-a548-c3aff3796e48,,박두억,1385,594,18,5,3.60,1511622029755809822,355887922597199876,1534455360004554937,https://cdn.discordapp.com/attachments/1511622029755809822/1534455360079925318/image.png?ex=6a74306a&is=6a72deea&hm=7c99c7a91f84744ce4d49d91b91cdae63cda3af19c90e136808f44cb86e6a7a8&,"1385
23984
264
아이템 개조
무법지대 킬
낚시
923
1209
잠금 해제한 문
치료 받은
190
제련
7075
제작
34272
벌목
594
무법지대 데스",0.98,approved,2026-08-05 15:57:49
outlaw_fa5807da-5b09-4e65-bd39-e0f90dfc428e,,영포티,313,523,4,5,0.80,1511622029755809822,533679079388610560,1534455372327288898,https://cdn.discordapp.com/attachments/1511622029755809822/1534455372176162896/25C53EDC-A673-4034-BD8E-E8925BDB9223.png?ex=6a74306d&is=6a72deed&hm=4fd0547822a703662f70759b37003bc06661ec97087b9b9bb94eeb942fb9b5d6&,"23560
1
알바 완료횟수
6681
절도
낚시
523
무법지대 데스
313
무법지대 킬
4
목재 가공",0.98,approved,2026-08-05 15:57:53
outlaw_fbeda702-1f44-4ac1-a0d4-04902189ce3a,,구만집,655,344,44,2,22.00,1511622029755809822,386043747227402245,1534455501235159110,https://cdn.discordapp.com/attachments/1511622029755809822/1534455500886904953/AWDAWDAWDA2QAD21QD1.png?ex=6a74308c&is=6a72df0c&hm=1fba45b0ff4b7aab5edc00d8437aa496f67e42172b94ef8cc36898efa59aea58&,"138
49
압수된 불법 물품
수감
344
1662
무법지대 데스
채집
2552
제작
655
무법지대 킬
9455
261
아이템 감정
목재 가공",0.99,approved,2026-08-05 15:58:24
outlaw_409a934f-a2c0-4025-86b8-b05fb852cf97,,구만집,657,344,2,0,2.00,1511622029755809822,386043747227402245,1534457074254221323,https://cdn.discordapp.com/attachments/1511622029755809822/1534457073956294768/999999999999999999.png?ex=6a743203&is=6a72e083&hm=e231c51cd76be32d49eb230232e99f2c36e6e5211f7725f22a3c00e50e9e5d38&,"138
49
2552
657
무법지대 킬
압수된 불법 물품
수감
제작
344
1662
무법지대 데스
채집
9455
261
아이템 감정
목재 가공",0.99,approved,2026-08-05 16:04:40
outlaw_055b7f42-482e-4151-b0ca-aecc70bbcb82,,백민훈,1350,986,16,7,2.29,1511622029755809822,348387167245959180,1534457381810077846,https://cdn.discordapp.com/attachments/1511622029755809822/1534457381482663997/image.png?ex=6a74324c&is=6a72e0cc&hm=f787c19dab8a1d9a1896fac5efb16aa7311abac68d5a6e3e7d60bcda820a161c&,"986
무법지대 데스
13
NPC 혼수 치료
5949
음식 섭취
1350
무법지대 킬",0.99,approved,2026-08-05 16:05:53
outlaw_f593a926-a9c0-4d22-8fc7-4b0c45a70942,,샹크스,423,745,2,7,0.29,1511622029755809822,411443825869848577,1534458059642896424,https://cdn.discordapp.com/attachments/1511622029755809822/1534458059282317423/image.png?ex=6a7432ee&is=6a72e16e&hm=ac1fd1c38cb374383e14832d1dddc3f275816582a6059e3d2d94bad4ed5370fa&,"3
알바 완료횟수
745
무법지대 데스
3033
택배 배달
5945
채집
90
수감
20866
절도
45251
벌목
423
무법지대 킬",0.97,approved,2026-08-05 16:08:34
outlaw_95a30680-7b2c-484b-91ad-73b972539ecb,,물소,130,130,0,0,0.00,1511622029755809822,307908333447282689,1534458670887469217,https://cdn.discordapp.com/attachments/1511622029755809822/1534458670522433627/image.png?ex=6a74337f&is=6a72e1ff&hm=453f52db22b2d12438e259423b02e8fa48823d4922c69b1fbf161e40f3092c27&,"3248
음식 섭취
312
482
죽음
1118
치료 받은
82
압수한 불법 물품
수감
130
243
무법지대 킬
아이템 개조
411
3145
잠금 해제한 문
채광
363
제련
382
혼수 치료
6
4202
압수한 NPC 불법 물품
제작
130
무법지대 데스
5502
절도
392
압수된 불법 물품
1788
플레이어 혼수 치료
4229
낚시
3
악보 작곡
6860
아이템 감정
2286
벌목
110
채집
2957
음료 섭취
50
택배 배달
21
NPC 혼수 치료
5297
플레이어 치료",0.98,approved,2026-08-05 16:11:00
outlaw_6c84b113-43ed-439e-a047-1b1a4997a86c,,키스,425,540,4,4,1.00,1511622029755809822,578196304803528724,1534558388128579664,https://cdn.discordapp.com/attachments/1511622029755809822/1534558387742965982/image.png?ex=6a74905e&is=6a733ede&hm=e2f2a3b3f2467b7822a6c43cba9002744ab1c8e1ca2c535f7de8073ae6259a95&,"540
무법지대 데스
425
무법지대 킬",0.98,approved,2026-08-05 22:47:15
outlaw_ab44b337-6650-4104-88db-e0877a7ddc1d,,서팔광,253,352,10,8,1.25,1511622029755809822,423122260669366283,1534558409985232926,https://cdn.discordapp.com/attachments/1511622029755809822/1534558409473659030/image.png?ex=6a749063&is=6a733ee3&hm=5a006593e45fdf4caf1839d62e2380b985392668a6a6b5934df1b5fdbc71d8bd&,"8
64
19
10553
잠금 해제한 문
NPC 아이템 감정
아이템 감정
무법지대 데스
253
11
무법지대 킬
수감
352
2123
17
제작
압수된 불법 물품",0.97,approved,2026-08-05 22:47:19
outlaw_1d1ccb52-80ad-4fec-b28b-42037ddb767e,,양파,1284,1136,25,8,3.13,1511622029755809822,1256231097499516989,1534558943467143321,https://cdn.discordapp.com/attachments/1511622029755809822/1534558943173672970/image.png?ex=6a7490e2&is=6a733f62&hm=3539d4d2683d27e05fe46fdcd6b6ad2e2d8ab019bcbbaf8d45f1df11bc795858&,"1136
82
무법지대 데스
수감
1219
혼수 치료
6553
낚시
3356
채광
699
채집
2521
치료 받은
375
압수된 불법 물품
1284
무법지대 킬",0.98,approved,2026-08-05 22:49:27
outlaw_92ba69ea-f8af-4d33-9ed3-f2a5af00083b,,샹크스,428,750,5,5,1.00,1511622029755809822,411443825869848577,1534558973498359828,https://cdn.discordapp.com/attachments/1511622029755809822/1534558972735000749/image.png?ex=6a7490e9&is=6a733f69&hm=14e94bf02fa75dcde179600a207d18705e115343b2e8f187bbe2d30741d77f2c&,"3
알바 완료횟수
750
무법지대 데스
3033
택배 배달
5945
채집
90
수감
20923
절도
45251
벌목
428
무법지대 킬",0.97,approved,2026-08-05 22:49:34
outlaw_d1d732bc-d1e3-4b8b-91e0-1be9f2dff338,,화윤,209,563,5,6,0.83,1511622029755809822,515752022864035850,1534559031828676829,https://cdn.discordapp.com/attachments/1511622029755809822/1534559031535079555/image.png?ex=6a7490f7&is=6a733f77&hm=7ab2c357020c6e939ab02131f5a77e7420dba680b51a03ee62b0af054da22b83&,"29537
벌목
12
1942
209
563
음료 섭취
무법지대 킬
무법지대 데스
8348
압수한 불법 물품
제작
17
채집
395
아이템 개조",0.98,approved,2026-08-05 22:49:47
outlaw_99d5f533-149b-41a6-bfc2-7a0971a0cceb,,ෆ야미ෆ,458,815,3,3,1.00,1511622029755809822,483558977431666689,1534559222019260567,https://cdn.discordapp.com/attachments/1511622029755809822/1534559221691977748/image.png?ex=6a749125&is=6a733fa5&hm=8421f3c470f0153c9bea032667b727b3d4658444e395f15f09a56b806a0a662d&,"458
무법지대 킬
1040
택배 배달
23046
벌목
1368
채집
57
수감
16241
제작
220
알바 총 수입
815
무법지대 데스",0.98,approved,2026-08-05 22:50:33
outlaw_c0b347a7-56ae-4976-b035-dfe1240db949,,물소,138,137,8,7,1.14,1511622029755809822,307908333447282689,1534559266609041579,https://cdn.discordapp.com/attachments/1511622029755809822/1534559266310979585/image.png?ex=6a74912f&is=6a733faf&hm=3797d220fda8f46fed353817ea1a62d3273eb1c8673462b2b0ca4b8caedd504c&,"3253
음식 섭취
490
죽음
1120
치료 받은
312
압수한 불법 물품
82
수감
138
243
무법지대 킬
아이템 개조
3145
채광
363
제련
411
잠금 해제한 문
4229
낚시
382
혼수 치료
6
4202
압수한 NPC 불법 물품
제작
137
무법지대 데스
392
압수된 불법 물품
3
악보 작곡
6860
아이템 감정
2286
벌목
110
채집
2957
[음료 섭취
50
택배 배달
5502
절도
1788
플레이어 혼수 치료
21
NPC 혼수 치료
5297
플레이어 치료",0.98,approved,2026-08-05 22:50:44
outlaw_c731e9a0-5a84-4535-9c18-11c3c5e488ad,,벚꽃,216,439,10,6,1.67,1511622029755809822,731516789917483049,1534560446198054992,https://cdn.discordapp.com/attachments/1511622029755809822/1534560445661188218/image.png?ex=6a749249&is=6a7340c9&hm=569f0451167dbd78ddbc71f4cc9586d7005a256be80ffd21ec19e41e827ee5b0&,"439
21
216
무법지대 데스
압수한 불법 물품
무법지대 킬",0.99,approved,2026-08-05 22:55:25
outlaw_3f9368fd-404f-468d-a5fb-71a9a85d613b,,영포티,315,528,2,5,0.40,1511622029755809822,533679079388610560,1534561404193996820,https://cdn.discordapp.com/attachments/1511622029755809822/1534561403862515853/556DDC93-C58C-4288-894D-14B15612AAF2.png?ex=6a74932d&is=6a7341ad&hm=713be9092dbe02f82b0d5ef5e18046ee39b821116bd4d612b720e31d5b6ca6b0&,"6681
절도
528
무법지대 데스
23560
1
낚시
알바 완료횟수
315
4
무법지대 킬
목재 가공
7
벌",0.98,approved,2026-08-05 22:59:13
outlaw_5187ab74-0e59-469c-8498-15b9c5688249,,만석침,1600,880,35,9,3.89,1511622029755809822,379225684242989058,1534562038721024141,https://cdn.discordapp.com/attachments/1511622029755809822/1534562038360178788/2026-08-05_230129.png?ex=6a7493c4&is=6a734244&hm=fc438a71c35e72d883449eb7147398b9e4104e7ccef46307f2d51c2e3ba83464&,"1600
무법지대 킬
880
무법지대 데스",0.99,approved,2026-08-05 23:01:46
outlaw_9ad84a49-a934-4478-b9a8-e054370830b6,,형석,295,230,26,12,2.17,1511622029755809822,275907220032716800,1534562061554815148,https://cdn.discordapp.com/attachments/1511622029755809822/1534562061428723732/image.png?ex=6a7493ca&is=6a73424a&hm=85c494d5c4d93fa47ba17726b136d9cdb23add35c23057405974e36d79524611&,"133
혼수 치료
295
무법지대 킬
230
무법지대 데스
49
아이템 개조",0.99,approved,2026-08-05 23:01:55
outlaw_7a3fc63e-8b3d-4c32-910d-2cef1fd589e7,,구만집,686,350,29,6,4.83,1511622029755809822,386043747227402245,1534562313846259872,https://cdn.discordapp.com/attachments/1511622029755809822/1534562313414250756/awdawd_21e_12_e123_e412_31d.png?ex=6a749406&is=6a734286&hm=79cc917b4113ee20ea29085da5950202cda7f1b54119c6ebdf39cb9488e463f2&,"138
49
2681
686
무법지대 킬
압수된 불법 물품
수감
제작
350
1662
무법지대 데스
채집
9455
261
아이템 감정
목재 가공",0.99,approved,2026-08-05 23:02:50
outlaw_8056a6d7-6b53-4c55-b036-caf3ac91103e,,백민훈,1364,995,14,9,1.56,1511622029755809822,348387167245959180,1534562529727221760,https://cdn.discordapp.com/attachments/1511622029755809822/1534562529311854602/image.png?ex=6a749439&is=6a7342b9&hm=22ca700f5abd4086e56e466792b3a1b28fd7189b92a49fedaf9113b4af4ed215&,"995
무법지대 데스
13
NPC 혼수 치료
5966
음식 섭취
1364
무법지대 킬",0.99,approved,2026-08-05 23:03:42
outlaw_d5565ca6-607a-4da8-88f8-2ce987c18d38,,조창봉,1059,812,23,9,2.56,1511622029755809822,338900767488606211,1534562722971254794,https://cdn.discordapp.com/attachments/1511622029755809822/1534562722686173314/2026-08-05_230417.png?ex=6a749467&is=6a7342e7&hm=2ce67b51d8b24452e8026e9de043cca970844efeb1eb41332e862b889494f1b2&,"812
무법지대 데스
1059
무법지대 킬",0.99,approved,2026-08-05 23:04:28
outlaw_895f7a39-d5bc-4b93-ad51-79420d58cb78,,김안녕*,72,402,3,15,0.20,1511622029755809822,1430242889832857631,1534566386951651488,https://cdn.discordapp.com/attachments/1511622029755809822/1534566386511122443/image.png?ex=6a7497d1&is=6a734651&hm=e5f68c136c40df6d9f86140839162177c2947a21d58d83d79be81b4cee80ad94&,"402
3973
72
무법지대 킬
무법지대 데스
제작",0.99,approved,2026-08-05 23:19:02
outlaw_183f5964-d50c-4c39-aa3a-a0a7e5711856,,김공찬,5,9,0,0,0.00,1511622029755809822,291170479916580865,1534573796915286146,https://cdn.discordapp.com/attachments/1511622029755809822/1534573796592455821/image.png?ex=6a749eb8&is=6a734d38&hm=674ba6276aa29d1d0fe56eede6dc1fd70f2e1934aa5a5e5f4cb561778d62ef9d&,"9
430
무법지대 데스
목재 가공
13950
벌목
23
치료 받은
5230
알바 총 수입
518
음료 섭취
514
음식 섭취
5
혼수 치료
70
낚시
22
NPC 아이템 감정
560
5
제련
무법지대 킬",0.98,approved,2026-08-05 23:48:28
outlaw_624e3b3e-9f1b-4178-9510-7a062696f932,,영포티,317,530,2,2,1.00,1511622029755809822,533679079388610560,1535176028857696266,https://cdn.discordapp.com/attachments/1511622029755809822/1535176028497117234/491F6096-25BE-4AD1-9BFB-BAFB89891AB5.png?ex=6a76cf97&is=6a757e17&hm=632e69afd56dfe877dff96a8de9e44ece468dd9bf47b43acca2af94bd7227eef&,"2630
채집
5400
알바 총 수입
6681
절도
23560
낚시
530
무법지대 데스
317
무법지대 킬",0.98,approved,2026-08-07 15:41:32
outlaw_30cf447e-c30e-4b66-a9f3-5694a1c188b2,,조창봉,1067,816,8,4,2.00,1511622029755809822,338900767488606211,1535176126257958924,https://cdn.discordapp.com/attachments/1511622029755809822/1535176125880213515/2026-08-07_154147.png?ex=6a76cfae&is=6a757e2e&hm=bc135a0ba7f598f433342ebf88fed0559a45fec84f314c02ce74f0bbe28a046d&,"816
무법지대 데스
1067
무법지대 킬",0.99,approved,2026-08-07 15:41:54
outlaw_5eabc41f-d3d4-4d6f-ae7a-14855c140b09,,박두억,1400,597,15,3,5.00,1511622029755809822,355887922597199876,1535176144687599659,https://cdn.discordapp.com/attachments/1511622029755809822/1535176144775544882/image.png?ex=6a76cfb3&is=6a757e33&hm=c921330bc3d19ee627e11bfc6d7f0d3362764f0afe88aaadd194a3b9ad79aead&,"1400
23984
266
아이템 개조
무법지대 킬
낚시
1218
치료 받은
190
제련
928
잠금 해제한 문
7219
제작
34272
벌목
597
무법지대 데스",0.98,approved,2026-08-07 15:42:00
outlaw_bceba11b-0bf2-4a66-b701-069860733763,,물소,141,141,3,4,0.75,1511622029755809822,307908333447282689,1535176464851402834,https://cdn.discordapp.com/attachments/1511622029755809822/1535176464209805312/image.png?ex=6a76cfff&is=6a757e7f&hm=25494636a449d32e87b995bfa6517af88f117190234d5d2e52a06744f104e000&,"141
255
무법지대 킬
아이템 개조
141
무법지대 데스",0.99,approved,2026-08-07 15:43:15
outlaw_4fc5e275-4ea5-4f89-9f3f-1e17def799f1,,햇밥,109,100,8,5,1.60,1511622029755809822,369020109399916544,1535176589350932552,https://cdn.discordapp.com/attachments/1511622029755809822/1535176588822323250/image.png?ex=6a76d01c&is=6a757e9c&hm=f5391415ffde078f1f5e36950e24fe1b1478109684d33f2c078071d6aab95f0a&,"185
죽음
109
35
529
100
무법지대 데스
혼수 치료
제작
4
20
무법지대 킬
수감
절도
2
알바 완료횟수
압수된 불법 물품",0.98,approved,2026-08-07 15:43:45
outlaw_4b270059-fd7d-4a4f-a70f-8de64871b210,,구만집,696,356,10,6,1.67,1511622029755809822,386043747227402245,1535177798824755212,https://cdn.discordapp.com/attachments/1511622029755809822/1535177798635888650/awdawdawdawd2131.png?ex=6a76d13d&is=6a757fbd&hm=736868e3f5cd800db9275633e25ac86d09e5bb840cd067b111c9ea32736976fc&,"490
158
2898
696
무법지대 킬
잠금 해제한 문
압수된 불법 물품
제작
356
1662
무법지대 데스
채집
9717
아이템 감정
413
목재 가공",0.99,approved,2026-08-07 15:48:34
outlaw_0dec3123-d6f8-47ab-a2d6-997532d18605,,화윤,214,567,5,4,1.25,1511622029755809822,515752022864035850,1535190181672394813,https://cdn.discordapp.com/attachments/1511622029755809822/1535190181383110687/image.png?ex=6a76dcc5&is=6a758b45&hm=c700a26586f497182f7c7f24dabb4eb2d2a5905b7699552a327177bd4d9b92b9&,"29537
벌목
12
1942
214
567
음료 섭취
무법지대 킬
무법지대 데스
8428
압수한 불법 물품
제작
17
채집
398
아이템 개조",0.99,approved,2026-08-07 16:37:47
outlaw_c0682c7f-b2ba-48ee-98ef-867c0a96dee9,,벚꽃,218,445,2,6,0.33,1511622029755809822,731516789917483049,1535280194724831312,https://cdn.discordapp.com/attachments/1511622029755809822/1535280194393346168/image.png?ex=6a77309a&is=6a75df1a&hm=95defce9adb941730b5c5cbad0e8b7d8d928fc04d3db89a2efa169a53a75bc3f&,"445
21
218
무법지대 데스
압수한 불법물품
무법지대 킬",0.99,approved,2026-08-07 22:35:27
outlaw_1a33ae77-6204-490f-ac19-4f56609fc37b,,영포티,322,538,5,8,0.63,1511622029755809822,533679079388610560,1535281790993043477,https://cdn.discordapp.com/attachments/1511622029755809822/1535281790426554428/96D11B4F-AB04-4821-AF49-1736DA71E126.png?ex=6a773216&is=6a75e096&hm=519ebf75e4d358ce473eb30aef5785dc34259c938892bba094d910834084ae8e&,"538
무법지대 데스
322
무법지대 킬",0.99,approved,2026-08-07 22:41:47
outlaw_83d932b3-3242-4405-8643-e71fba8a982f,,물소,149,148,8,7,1.14,1511622029755809822,307908333447282689,1535281843451207690,https://cdn.discordapp.com/attachments/1511622029755809822/1535281843031773194/image.png?ex=6a773223&is=6a75e0a3&hm=7e2d03e21684b05512e5ee64351d3705b65c673181b1978be2ebfb4a9eb2904d&,"149
257
무법지대 킬
아이템 개조
148
무법지대 데스",0.99,approved,2026-08-07 22:42:00
outlaw_0819334a-55b4-4515-b5e5-b809537b62ed,,샹크스,440,763,12,13,0.92,1511622029755809822,411443825869848577,1535282079024160828,https://cdn.discordapp.com/attachments/1511622029755809822/1535282078709710980/image.png?ex=6a77325b&is=6a75e0db&hm=02d9f3d6c113222d1924f56eb08cc6f8a544d2b1956d3e63722d1997c9e59a3f&,"1284
죽음
311
3
763
혼수 치료
알바 완료횟수
무법지대 데스
407
채광
39
제련
5945
채집
5960
3033
택배 배달
9
NPC 아이템 감정
94
알바 총 수입
수감
3
45251
압수한 불법 물품
플레이어를 수감한
벌목
440
무법지대 킬
4437
음식 섭취
21463
절도",0.98,approved,2026-08-07 22:42:56
outlaw_dc7d45a8-2045-4723-adae-6dfb40930c84,,백민훈,1370,1004,6,9,0.67,1511622029755809822,348387167245959180,1535282160167166102,https://cdn.discordapp.com/attachments/1511622029755809822/1535282159844331570/image.png?ex=6a77326f&is=6a75e0ef&hm=4f93da0c2bb71af3409627ad69c53ef7eff62fdf1d67bd1aebc59a2054eacbaf&,"1004
무법지대 데스
13
NPC 혼수 치료
5983
음식 섭취
1370
무법지대 킬",0.99,approved,2026-08-07 22:43:17
outlaw_760531c9-b407-4a52-9971-e4bae6e2ca89,,만석침,1612,886,12,6,2.00,1511622029755809822,379225684242989058,1535282186780151969,https://cdn.discordapp.com/attachments/1511622029755809822/1535282186469646357/2026-08-07_224301.png?ex=6a773275&is=6a75e0f5&hm=fef299d1ee79491c4764b67b11a11d955dab7a3bcede4e9ed6f740c60a75c123&,"1612
무법지대 킬
886
무법지대 데스",0.99,approved,2026-08-07 22:43:20
outlaw_7a0a866c-4be9-4bbf-9914-b1f5d733faf5,,키스,430,548,5,8,0.63,1511622029755809822,578196304803528724,1535282186264125571,https://cdn.discordapp.com/attachments/1511622029755809822/1535282186205532190/image.png?ex=6a773275&is=6a75e0f5&hm=ee352e35878b325b60d422fb3f723fb00aacbe8a5a9ba72f7fd5d3bdbc273c00&,"548
108
430
무법지대 데스
압수된 불법 물품
무법지대 킬",0.99,approved,2026-08-07 22:43:23
outlaw_582d87b5-dcda-4236-8faa-f100f1be285f,,조창봉,1082,822,15,6,2.50,1511622029755809822,338900767488606211,1535282258007691264,https://cdn.discordapp.com/attachments/1511622029755809822/1535282257688920155/2026-08-07_224329.png?ex=6a773286&is=6a75e106&hm=57cdde9fca68cfb0d17f643c58f79d6e577863c8b8521c48d8e66b87664e6c27&,"822
무법지대 데스
1082
무법지대 킬",0.99,approved,2026-08-07 22:43:41
outlaw_61ba595e-834f-4050-adb6-37f1c9fd940a,,형석,302,238,7,8,0.88,1511622029755809822,275907220032716800,1535282509498023966,https://cdn.discordapp.com/attachments/1511622029755809822/1535282509091307610/image.png?ex=6a7732c2&is=6a75e142&hm=bb64a185b3be620b0f91024d1c3adfe1a71221f106809a3bb31081cd1800e13d&,"251
136
치료 받은
혼수 치료
238
7203
무법지대 데스
아이템 감정
302
무법지대 킬
5
수감",0.99,approved,2026-08-07 22:44:38
outlaw_185790a1-48ff-4362-bb19-5739db128cc2,,김공찬,8,16,3,7,0.43,1511622029755809822,291170479916580865,1535282958284496926,https://cdn.discordapp.com/attachments/1511622029755809822/1535282957676318874/image.png?ex=6a77332d&is=6a75e1ad&hm=658fbf7db190118e4fe47649eb5470b5983979d5cfd10c6abfe7890cc1386b08&,"16
504
무법지대 데스
목재 가공
559
5890
알바 총 수입
4733
14422
벌목
음료 섭취
채광
556
70
음식 섭취
낚시
22
NPC 아이템 감정
687
제련
7
혼수 치료
8
무법지대 킬",0.98,approved,2026-08-07 22:46:26
outlaw_d9f606fc-9834-4ec5-b73b-38b376d404b9,,박두억,1411,605,11,8,1.38,1511622029755809822,355887922597199876,1535283586750480417,https://cdn.discordapp.com/attachments/1511622029755809822/1535283586515607561/image.png?ex=6a7733c3&is=6a75e243&hm=09fff9469e01ddf66e74d7fc2bcf5374c7cca13754ea4c41c64c4842bf72c157&,"1411
23984
무법지대 킬
낚시
942
1219
잠금 해제한 문
치료 받은
190
제련
266
아이템 개조
7328
제작
34272
벌목
605
무법지대 데스",0.98,approved,2026-08-07 22:48:56
outlaw_6c1efeef-070a-4910-9d47-02b0cd88acfd,,형석,313,243,11,5,2.20,1511622029755809822,275907220032716800,1535547205472231464,https://cdn.discordapp.com/attachments/1511622029755809822/1535547205187010670/image.png?ex=6a782946&is=6a76d7c6&hm=e7089be4e4ea4b689c0fd3dda631e829b78c0ceae62951aee727c19fd581c3cb&,"252
치료 받은
138
혼수 치료
243
7203
무법지대 데스
아이템 감정
2541
제작
313
무법지대 킬
6
수감
61
아이템 개조",0.99,approved,2026-08-08 16:16:26
outlaw_e9dc8247-4c8a-481d-9e2c-f1218528f122,,영포티,332,543,10,5,2.00,1511622029755809822,533679079388610560,1535547556677820458,https://cdn.discordapp.com/attachments/1511622029755809822/1535547556279492680/7B6FC8C2-4A6C-4615-AB43-385D8B68A9F3.png?ex=6a78299a&is=6a76d81a&hm=cbdd69dbada5e829f92a8bc649d99a0c776f8d9090ea1e2feaf7551b9124de37&,"543
무법지대 데스
332
무법지대 킬",0.98,approved,2026-08-08 16:17:51
outlaw_e8286c45-5d20-4fae-99f9-d54c8a4b30f7,,구만집,702,358,6,2,3.00,1511622029755809822,386043747227402245,1535547569910972416,https://cdn.discordapp.com/attachments/1511622029755809822/1535547569281703936/123123.png?ex=6a78299d&is=6a76d81d&hm=0727fdc4329f0c15f7166d87edc0831ae9b5d8b00eceac0a4bc0446fcd0cc3e4&,"158
51
압수된 불법 물품
수감
358
1662
무법지대 데스
채집
2898
제작
702
무법지대 킬
9770
아이템 감정
413
목재가공",0.99,approved,2026-08-08 16:17:58
outlaw_04130113-8fd2-4274-bf93-ce7a420b56d2,,햇밥,119,103,10,3,3.33,1511622029755809822,369020109399916544,1535547689704620112,https://cdn.discordapp.com/attachments/1511622029755809822/1535547689377202298/image.png?ex=6a7829ba&is=6a76d83a&hm=9ff06129abba9b4014e729111a911058f8036ce6435c6ec7d25ed7881452a8d4&,"3615
아이템 감정
37
혼수 치료
604
제작
103
무법지대 데스
119
4
20
무법지대 킬
수감
절도
1
압수된 불법 물품",0.98,approved,2026-08-08 16:18:21
outlaw_6844be64-282f-44f5-a2b8-6d0e158f7972,,조창봉,1101,830,19,8,2.38,1511622029755809822,338900767488606211,1535547769035563029,https://cdn.discordapp.com/attachments/1511622029755809822/1535547768767123507/2026-08-08_161819.png?ex=6a7829cd&is=6a76d84d&hm=237cdbc0ccd36e5635f67d9b3592292d15c82036d4d2267f27d0fe4e200895cd&,"830
무법지대 데스
1101
무법지대 킬",0.99,approved,2026-08-08 16:18:40
outlaw_aa45bdaa-2ea7-4b1e-b5ef-225e8fbaad6b,,김공찬,12,21,4,5,0.80,1511622029755809822,291170479916580865,1535548036971896913,https://cdn.discordapp.com/attachments/1511622029755809822/1535548036636348516/image.png?ex=6a782a0d&is=6a76d88d&hm=c31dc94c96379d928d5b30b46adfb4b85a0f41a26cad8d33bfba57015785e7e1&,"21
630
무법지대 데스
목재 가공
11340
알바 총 수입
589
음료 섭취
4747
채광
15314
벌목
587
음식 섭취
22
NPC 아이템 감정
70
낚시
8
혼수 치료
687
제련
12
무법지대 킬",0.98,approved,2026-08-08 16:19:45
outlaw_e73c60d7-ea58-4e4a-a98b-9374b63ecb55,,물소,153,156,4,8,0.50,1511622029755809822,307908333447282689,1535548274113642496,https://cdn.discordapp.com/attachments/1511622029755809822/1535548273840885780/image.png?ex=6a782a45&is=6a76d8c5&hm=d54cb8c6f071acdcb380f73131dd5717bd9e07079f7b7aed50d4796b979f8ee9&,"153
265
무법지대 킬
아이템 개조
156
무법지대 데스",0.99,approved,2026-08-08 16:20:42
outlaw_b2ba0002-16b4-45ee-8bb1-6b0228b49ad9,,박두억,1446,608,35,3,11.67,1511622029755809822,355887922597199876,1535548532302413864,https://cdn.discordapp.com/attachments/1511622029755809822/1535548531991908384/image.png?ex=6a782a83&is=6a76d903&hm=53c83816a59859e2da1e9e9ecb6fc1da0d76ca7972e5bf99b31487fcef9b718f&,"1446
23984
266
아이템 개조
무법지대 킬
낚시
942
1223
잠금 해제한 문
치료 받은
190
제련
7366
제작
34272
벌목
608
무법지대 데스",0.97,approved,2026-08-08 16:21:42
outlaw_60278aa7-7e28-4b60-bb06-c48fbdf7e44a,,백민훈,1391,1009,21,5,4.20,1511622029755809822,348387167245959180,1535548669913341992,https://cdn.discordapp.com/attachments/1511622029755809822/1535548669552623687/image.png?ex=6a782aa3&is=6a76d923&hm=7e16f0bd42046c2d5540e045c517beba99f0eae547ccf403ceefd174b272a8b4&,"1009
무법지대 데스
13
NPC 혼수 치료
6002
음식 섭취
1391
무법지대 킬",0.99,approved,2026-08-08 16:22:15
outlaw_db8e4e3a-0bf9-4379-ac74-f73fe1e9bbca,,만석침,1633,889,21,3,7.00,1511622029755809822,379225684242989058,1535549061648617472,https://cdn.discordapp.com/attachments/1511622029755809822/1535549061166407730/2026-08-08_162332.png?ex=6a782b01&is=6a76d981&hm=16494255aee3abd433ed357cc3225f476b15c42386be6aa2632c1309f326c943&,"1633
무법지대 킬
889
무법지대 데스",0.99,approved,2026-08-08 16:23:49
outlaw_70b7bc1a-d816-4c93-ba9e-91b2d389b65a,,벚꽃,219,450,1,5,0.20,1511622029755809822,731516789917483049,1535549228783243335,https://cdn.discordapp.com/attachments/1511622029755809822/1535549228460539934/image.png?ex=6a782b29&is=6a76d9a9&hm=102e3659cb547e50c7695f4559eb4c068c2360239f416e66ffdff8cf906e8187&,"450
21
219
무법지대 데스
압수한 불법 물품
무법지대 킬",0.99,approved,2026-08-08 16:24:29
outlaw_e298232d-b750-45a4-8234-c0df200e53bc,,샹크스,450,773,10,10,1.00,1511622029755809822,411443825869848577,1535549280805462106,https://cdn.discordapp.com/attachments/1511622029755809822/1535549280511856720/image.png?ex=6a782b35&is=6a76d9b5&hm=348e6d53e8733583b3ca11680b5e18ad9650cd8b109dca57694ad76b40f3db2f&,"1298
죽음
311
3
773
혼수 치료
알바 완료횟수
무법지대 데스
407
채광
39
제련
5945
채집
5960
3033
택배 배달
97
알바 총 수입
수감
7
3
45251
압수한 불법 물품
플레이어를 수감한
벌목
450
무법지대 킬
NPC 아이템 감정
4462
음식 섭취
21686
절도",0.98,approved,2026-08-08 16:24:42
outlaw_69e8df18-3424-4365-9caf-fa218ecd7b3f,,박두억,1450,608,4,0,4.00,1511622029755809822,355887922597199876,1535642375186157768,https://cdn.discordapp.com/attachments/1511622029755809822/1535642374825316412/image.png?ex=6a7881e9&is=6a773069&hm=e02a6c3e9f4354d88b696a3a6cc5bc811538d60abfa590bbe8e868769cd19529&,"1450
23984
267
아이템 개조
무법지대 킬
낚시
955
1227
잠금 해제한 문
치료 받은
190
제련
7444
제작
34272
벌목
608
무법지대 데스",0.98,approved,2026-08-08 22:34:37
outlaw_78302c66-bc27-4d68-b0c3-81502237b098,,만석침,1652,891,19,2,9.50,1511622029755809822,379225684242989058,1535648651215507577,https://cdn.discordapp.com/attachments/1511622029755809822/1535648650674311288/2026-08-08_225917.png?ex=6a7887c1&is=6a773641&hm=75fc1c4e752924c3a9654b829a599617d8ab06683eec0dea6349a10f3edf41d7&,"1652
무법지대 킬
891
무법지대 데스",0.99,approved,2026-08-08 22:59:34
outlaw_eb360aed-1541-46f1-8070-17fb6f23bd79,,물소,154,159,1,3,0.33,1511622029755809822,307908333447282689,1535649458388471908,https://cdn.discordapp.com/attachments/1511622029755809822/1535649457990008924/image.png?ex=6a788881&is=6a773701&hm=f385b04469fb07d1882b707e4b201fdbaf83be3a6e06875ef45d088cde9db082&,"154
273
무법지대 킬
아이템 개조
159
무법지대 데스",0.99,approved,2026-08-08 23:02:46
outlaw_8ec5ee7c-a25e-4d70-8781-63252a64b1f0,,김공찬,13,24,1,3,0.33,1511622029755809822,291170479916580865,1535649469457244191,https://cdn.discordapp.com/attachments/1511622029755809822/1535649469280817162/image.png?ex=6a788884&is=6a773704&hm=74cbe5f50905625029d8a043ada06cac96b5e4a24cec00740efebb0b759e70bb&,"49
죽음
5
알바 완료횟수
24
무법지대 데스
4747
채광
589
음식 섭취
31
치료 받은
57
아이템 개조
22
NPC 아이템 감정
13
[무법지대 킬",0.97,approved,2026-08-08 23:02:48
outlaw_5b8925d9-9f07-4d6e-bdeb-0ff5845092ee,,구만집,716,362,14,4,3.50,1511622029755809822,386043747227402245,1535649539317440624,https://cdn.discordapp.com/attachments/1511622029755809822/1535649538801537125/231141414.png?ex=6a788895&is=6a773715&hm=f61b5aecc427f1a6f976bcb4d5b78d1adcf44c09a143bad6a73c3c2eefdc275d&,"158
51
3078
716
무법지대 킬
압수된 불법 물품
수감
제작
362
2220
무법지대 데스
채집
9826
아이템 감정
562
목재 가공",0.99,approved,2026-08-08 23:03:05
outlaw_8d544f4f-0b21-44d9-9471-7c6e368f361a,,형석,321,247,8,4,2.00,1511622029755809822,275907220032716800,1535649673354940486,https://cdn.discordapp.com/attachments/1511622029755809822/1535649673014943864/image.png?ex=6a7888b5&is=6a773735&hm=45c57f9c9ec915da5d437244a8cccc0e57da706604a69b73b81e9e37465c7ddc&,"253
치료 받은
138
혼수 치료
247
무법지대 데스
7203
2541
제작
321
무법지대 킬
6
아이템 감정
수감
64
아이템 개조",0.99,approved,2026-08-08 23:03:36
outlaw_c7acd10e-e053-48d9-b4e5-425e84d39b9a,,영포티,337,545,5,2,2.50,1511622029755809822,533679079388610560,1535649699443253368,https://cdn.discordapp.com/attachments/1511622029755809822/1535649698520498290/50FDC2D8-B452-42C3-890D-6C273C1D9E56.png?ex=6a7888bb&is=6a77373b&hm=a00b317ad607d613c8ee204ef5e1f82efe70cdebb1fa5af9414832716ea9a8b7&,"545
무법지대 데스
337
무법지대 킬",0.98,approved,2026-08-08 23:03:44
outlaw_3588f016-c328-43f5-b3fb-b0f3fc01f3d4,,백민훈,1403,1013,12,4,3.00,1511622029755809822,348387167245959180,1535649769769406567,https://cdn.discordapp.com/attachments/1511622029755809822/1535649769337135124/image.png?ex=6a7888cc&is=6a77374c&hm=dadc3089650b5cfe47bca127e6455e8bc61e4e0ba913cf11dafb28fe92d9f19e&,"1013
무법지대 데스
13
NPC 혼수 치료
6011
음식 섭취
1403
무법지대 킬",0.99,approved,2026-08-08 23:04:00
outlaw_fc67e581-3b57-4bfd-b4b7-52013cde9077,,박두억,1458,610,8,2,4.00,1511622029755809822,355887922597199876,1535650445563920474,https://cdn.discordapp.com/attachments/1511622029755809822/1535650445115269180/image.png?ex=6a78896d&is=6a7737ed&hm=d757236b34845849c60ff631760d1455c0d825051d4e2aa2936dc048e404b54f&,"1458
23984
무법지대 킬
낚시
955
1228
잠금 해제한 문
치료 받은
190
제련
267
아이템 개조
7444
제작
34272
벌목
610
무법지대 데스",0.98,approved,2026-08-08 23:06:41
outlaw_220e9619-313f-455f-8bd5-941054478eeb,,조창봉,1114,833,13,3,4.33,1511622029755809822,338900767488606211,1535650543064842400,https://cdn.discordapp.com/attachments/1511622029755809822/1535650542712262687/2026-08-08_230657.png?ex=6a788984&is=6a773804&hm=6b1efc19a2ba45bf31d64b53725ca9434e07298394e24ebdbb242b71d2668078&,"833
무법지대 데스
1114
무법지대 킬",0.99,approved,2026-08-08 23:07:04
outlaw_5ea928f6-ed09-4ba4-9303-ba6cac0cfe25,,키스,432,550,2,2,1.00,1511622029755809822,578196304803528724,1535651923120623729,https://cdn.discordapp.com/attachments/1511622029755809822/1535651923108175872/image.png?ex=6a788acd&is=6a77394d&hm=39ef934321c55affeae3763e7b4205a377e1283f22575211845ef483268992e6&,"550
244
무법지대 데스
아이템 개조
432
무법지대 킬",0.98,approved,2026-08-08 23:12:33
outlaw_d6eb0914-6a40-4855-8724-318bd00a1dd8,,화윤,217,570,3,3,1.00,1511622029755809822,515752022864035850,1535687830838190160,https://cdn.discordapp.com/attachments/1511622029755809822/1535687830548774963/image.png?ex=6a78ac3e&is=6a775abe&hm=7b08b50100a611eb5a4fdcee2d9b3cc1bdad8ffbc066afc06de702f02d5f0dd3&,"29537
벌목
12
1942
570
음료 섭취
무법지대 데스
8428
압수한 불법 물품
제작
17
217
무법지대 킬
402
채집
아이템 개조",0.99,approved,2026-08-09 01:35:14
outlaw_6f47ded0-bfec-40a9-8deb-6a8e67d5f2cc,,만석침,1661,893,9,2,4.50,1511622029755809822,379225684242989058,1535901699737395352,https://cdn.discordapp.com/attachments/1511622029755809822/1535901699326345286/2026-08-09_154440.png?ex=6a79736c&is=6a7821ec&hm=0d7ed54aaa2c157f2640b9e59ed96a8fc3289cc70ec746f14e0f0a9a6f2f6d93&,"1661
무법지대 킬
893
무법지대 데스",0.99,approved,2026-08-09 15:45:06
outlaw_322dfbbd-7f14-4b16-ac5f-474cc14152ff,,형석,331,252,10,5,2.00,1511622029755809822,275907220032716800,1535901707777871912,https://cdn.discordapp.com/attachments/1511622029755809822/1535901707312177233/image.png?ex=6a79736e&is=6a7821ee&hm=405fd6a090775c64e00f52d2168e9046a05fb4da274c404ceb442bf29c13a27a&,"331
68
6
무법지대 킬
아이템 개조
수감
252
무법지대 데스",0.98,approved,2026-08-09 15:45:09
outlaw_01448edb-a069-43c6-bbbe-705750334046,,물소,156,164,2,5,0.40,1511622029755809822,307908333447282689,1535901972186792017,https://cdn.discordapp.com/attachments/1511622029755809822/1535901971850989608/image.png?ex=6a7973ad&is=6a78222d&hm=19f12775b995065e38483f419da5748eb2bbe179105b72e8f616f9bcc32279ea&,"156
277
무법지대 킬
아이템 개조
164
무법지대 데스",0.99,approved,2026-08-09 15:46:10
outlaw_8da821e1-c83a-4a2c-8411-864dab13e930,,박두억,1472,615,14,5,2.80,1511622029755809822,355887922597199876,1535901975978311710,https://cdn.discordapp.com/attachments/1511622029755809822/1535901974640336998/image.png?ex=6a7973ae&is=6a78222e&hm=e620b734b2caa0fec8f0632cea8c55c3d93c659f9e09bf33154fb0f3915c1913&,"1472
무법지대 킬
23984
낚시
268
아이템 개조
1234
958
7518
치료 받은
잠금 해제한 문
제작
190
제련
34272
벌목
615
무법지대 데스",0.98,approved,2026-08-09 15:46:11
outlaw_5bea4de8-e0b3-41db-954b-2eb7270c6188,,샹크스,458,779,8,6,1.33,1511622029755809822,411443825869848577,1535902003405000794,https://cdn.discordapp.com/attachments/1511622029755809822/1535902003128041512/image.png?ex=6a7973b5&is=6a782235&hm=88e873cd4c09b57910f7a5040d6ee3930d5b4fa9adb5218b2c483b00b87c608f&,"1334
죽음
311
3
779
혼수 치료
알바 완료횟수
무법지대 데스
407
채광
39
제련
6567
채집
5960
3033
택배 배달
9
NPC 아이템 감정
97
알바 총 수입
수감
3
45251
압수한 불법 물품
플레이어를 수감한
벌목
458
무법지대 킬
4499
음식 섭취
21686
절도",0.98,approved,2026-08-09 15:46:17
outlaw_98217473-ce2c-4613-beec-5ec9eb1e0109,,영포티,340,547,3,2,1.50,1511622029755809822,533679079388610560,1535902025454321805,https://cdn.discordapp.com/attachments/1511622029755809822/1535902024980234290/544DDA72-A537-4C1D-8003-A0A9C61A81A3.png?ex=6a7973ba&is=6a78223a&hm=c3256f78e54eb79abe7a2ce1498f0c00fc28dd23d5ba75530aa11f80b532eb9a&,"6681
절도
23560
낚시
547
무법지대 데스
340
무법지대 킬",0.98,approved,2026-08-09 15:46:21
outlaw_86582bc0-077a-4807-9a01-ee47fcdd28cb,,백민훈,1416,1016,13,3,4.33,1511622029755809822,348387167245959180,1535902038003818546,https://cdn.discordapp.com/attachments/1511622029755809822/1535902037701824553/image.png?ex=6a7973bd&is=6a78223d&hm=6a53f124a5594459a30433d6c002b67863b965c62f188c7fb5cb15ee10965704&,"1016
무법지대 데스
13
NPC 혼수 치료
6034
음식 섭취
1416
무법지대 킬",0.99,approved,2026-08-09 15:46:24
outlaw_66e564e1-109c-4cd4-ae95-780401d0b7ff,,구만집,728,365,12,3,4.00,1511622029755809822,386043747227402245,1535902054814449726,https://cdn.discordapp.com/attachments/1511622029755809822/1535902054852337734/141241251251.png?ex=6a7973c1&is=6a782241&hm=0c00e52cb29081b562afd67380cf48d82c0b0fdd36e818fce317f7f74a5e5291&,"728
무법지대 킬
365
무법지대 데스",0.99,approved,2026-08-09 15:46:28
outlaw_3e15f5e4-0ae1-474f-95d7-02e78ad6d29b,,햇밥,135,109,16,6,2.67,1511622029755809822,369020109399916544,1535902063983337543,https://cdn.discordapp.com/attachments/1511622029755809822/1535902063567831130/image.png?ex=6a7973c3&is=6a782243&hm=aac6c80e24b2b73a7490dff739b3f2001049fb156b112dcd0c43d8f0026c76ee&,"3899
41
626
109
무법지대 데스
아이템 감정
혼수 치료
제작
135
4
20
무법지대 킬
수감
절도
1
압수된 불법 물품",0.98,approved,2026-08-09 15:46:31
outlaw_b30d8cd1-84e1-41d4-af62-2f9b2bf10a79,,조창봉,1125,838,11,5,2.20,1511622029755809822,338900767488606211,1535902137756946442,https://cdn.discordapp.com/attachments/1511622029755809822/1535902137433722922/2026-08-09_154628.png?ex=6a7973d5&is=6a782255&hm=3ad339c675c8d2bdf5d6f9d6339aa53e75b4ee4e7413cea1fd7e8f36c1c86d8b&,"838
무법지대 데스
1125
무법지대 킬",0.99,approved,2026-08-09 15:46:49
outlaw_8c69d2e9-fcda-4c8e-a300-ea39376e4e02,,김공찬,18,30,5,6,0.83,1511622029755809822,291170479916580865,1535902700708036733,https://cdn.discordapp.com/attachments/1511622029755809822/1535902700359778324/image.png?ex=6a79745b&is=6a7822db&hm=7d59f14f89694cee4b8fed91eca8de0a633266d934ae49f89c490a69c6d6c8d9&,"55
죽음
6
30
무법지대 데스
4747
알바 완료횟수
채광
612
음식 섭취
34
치료 받은
57
아이템 개조
18
무법지대 킬
22
NPC 아이템 감정",0.98,approved,2026-08-09 15:49:02
outlaw_56ca2fcc-c2fc-4ff1-a35a-ec085f4604d6,,화윤,219,571,2,1,2.00,1511622029755809822,515752022864035850,1536007332457087037,https://cdn.discordapp.com/attachments/1511622029755809822/1536007332193108068/image.png?ex=6a79d5cd&is=6a78844d&hm=9f052a8dc56aab89d9c43c455d1633517dbe111b3cb0940cb28eb6f40e27fa96&,"29537
벌목
12
1942
571
음료 섭취
무법지대 데스
8445
압수한 불법 물품
제작
17
채집
219
무법지대 킬
402
아이템 개조",0.99,approved,2026-08-09 22:44:50
outlaw_d9a1d820-9890-4ab4-9751-68bb4a8aba67,,형석,339,256,8,4,2.00,1511622029755809822,275907220032716800,1536007843420049499,https://cdn.discordapp.com/attachments/1511622029755809822/1536007842920792126/image.png?ex=6a79d647&is=6a7884c7&hm=399b83c1c563b0b8b6facee3d5067fe36968b9e6f421f6b3cb280d978f68b3dc&,"144
혼수 치료
339
무법지대 킬
256
무법지대 데스
68
아이템 개조",0.99,approved,2026-08-09 22:46:51
outlaw_1c44e07d-8a82-4a3b-82d3-5a3d127894ee,,박두억,1493,619,21,4,5.25,1511622029755809822,355887922597199876,1536009860729282722,https://cdn.discordapp.com/attachments/1511622029755809822/1536009860427161610/image.png?ex=6a79d828&is=6a7886a8&hm=4b2ad9da75a8a7f9fd092f6cf39194b085ad4c435893a783678acc2a03adfd15&,"1493
무법지대 킬
965
잠금 해제한 문
190
제련
619
무법지대 데스",0.98,approved,2026-08-09 22:54:52
outlaw_82bdeedb-b6d3-4ea3-b66d-7da52bb162bc,,구만집,751,368,23,3,7.67,1511622029755809822,386043747227402245,1536011237287010425,https://cdn.discordapp.com/attachments/1511622029755809822/1536011236884353034/awdawdadwa123123.png?ex=6a79d970&is=6a7887f0&hm=f4962eb2cd31854b501f10434197d1dc953f31c12c55ad5105e40d86bf26a3de&,"751
581
무법지대 킬
채광
767
7337
치료 받은
벌목
2178
음식 섭취
1047
낚시
986
542
죽음
아이템 개조
NPC 아이템 감정
524
300
4714
1
택배 배달
혼수 치료
절도
491
158
51
잠금 해제한 문
압수된 불법 물품
수감
2220
채집
772
9855
아이템 감정
1
3134
제작
581
목재 가공
220
알바 총 수입
8
368
음료 섭취
플레이어를 수감한
압수한 불법 물품
무법지대 데스",0.99,approved,2026-08-09 23:00:21
outlaw_41f3f337-4fa6-47de-a09f-3cf9bef8c3b7,,조창봉,1136,842,11,4,2.75,1511622029755809822,338900767488606211,1536011259017961585,https://cdn.discordapp.com/attachments/1511622029755809822/1536011258506125322/2026-08-09_230008.png?ex=6a79d975&is=6a7887f5&hm=5570af619f45acd40cd3680a39e317838186a0a4ae80b20dde164cbf1fd946ee&,"842
무법지대 데스
1136
무법지대 킬",0.99,approved,2026-08-09 23:00:25
outlaw_8772b7f6-3d6c-43f9-b2ea-24a8c86812c7,,샹크스,465,785,7,6,1.17,1511622029755809822,411443825869848577,1536011591856689152,https://cdn.discordapp.com/attachments/1511622029755809822/1536011591278141460/image.png?ex=6a79d9c5&is=6a788845&hm=c66e8992b5dc9b9032de6b0d56f26bfb4be175eb53411be362265caac07855d0&,"1362
죽음
312
혼수 치료
407
채광
39
제련
6567
채집
5960
알바 완료횟수
785
무법지대 데스
3033
택배 배달
9
NPC 아이템 감정
97
알바 총 수입
수감
3
45251
압수한 불법 물품
플레이어를 수감한
벌목
465
무법지대 킬
4514
음식 섭취
21841
절도",0.98,approved,2026-08-09 23:01:45
outlaw_30e9b9f7-7313-487c-8670-8a40919dafbf,,만석침,1674,897,13,4,3.25,1511622029755809822,379225684242989058,1536012169026605259,https://cdn.discordapp.com/attachments/1511622029755809822/1536012168733007982/2026-08-09_230328.png?ex=6a79da4e&is=6a7888ce&hm=2b78e386baf9bff4ff4c67a855d41b48b35cf7346926d7df0e6ada9b28e4cec5&,"1674
무법지대 킬
897
무법지대 데스",0.99,approved,2026-08-09 23:04:03
outlaw_8efd0359-4cdd-4383-9201-5e13a82d8037,,백민훈,1427,1021,11,5,2.20,1511622029755809822,348387167245959180,1536013933385748510,https://cdn.discordapp.com/attachments/1511622029755809822/1536013932924506253/image.png?ex=6a79dbf3&is=6a788a73&hm=85178e7bde7f692e5c444c819e0feece53fba1b5f9da381e8416a21052e38b18&,"19843
제작
1021
무법지대 데스
28
플레이어 치료
13
NPC 혼수 치료
6041
음식 섭취
34071
낚시
1427
무법지대 킬
1
악보 작곡",0.99,approved,2026-08-09 23:11:04
outlaw_273f059c-ede6-4a4e-bde8-a2a1edb1dcb0,,키스,436,552,4,2,2.00,1511622029755809822,578196304803528724,1536021750398320660,https://cdn.discordapp.com/attachments/1511622029755809822/1536021750054395904/image.png?ex=6a79e33b&is=6a7891bb&hm=65700437371e9cc0f66b7d69be76063de00edc4d2561d70c5dea79197ccb66bc&,"552
244
무법지대 데스
아이템 개조
436
무법지대 킬",0.99,approved,2026-08-09 23:42:08
outlaw_34324c07-d292-4d6c-a326-c5ed24f9c800,,ෆ야미ෆ,460,824,2,9,0.22,1511622029755809822,483558977431666689,1536040555950252102,https://cdn.discordapp.com/attachments/1511622029755809822/1536040555627155467/image.png?ex=6a79f4be&is=6a78a33e&hm=3ed5a6354458ebc04bbfd9d1f9dcd2a942b7d7ba6b9347c04d732240f245acc6&,"460
무법지대 킬
23046
벌목
1040
택배 배달
1368
채집
57
수감
16422
제작
220
알바 총 수입
824
무법지대 데스",0.98,approved,2026-08-10 00:56:51
outlaw_1952a724-0da0-4adf-8d30-448e36aeff4e,,박두억,1493,620,0,1,0.00,1511622029755809822,355887922597199876,1536717383773847552,https://cdn.discordapp.com/attachments/1511622029755809822/1536717383404888074/image.png?ex=6a7c6b17&is=6a7b1997&hm=32053db78152a8ad7eeb20f4c69f1f5327252e175ba159a3f000f6be019b6afe&,"1493
무법지대 킬
1264
치료 받은
190
제련
620
무법지대 데스",0.98,approved,2026-08-11 21:46:20
outlaw_afc89e4f-b8cd-4eae-821b-f6b9fc05447a,,박두억,1495,621,2,1,2.00,1511622029755809822,355887922597199876,1536986557708505098,https://cdn.discordapp.com/attachments/1511622029755809822/1536986557402316861/image.png?ex=6a7d65c7&is=6a7c1447&hm=73cf503a04e46b7e583963b02a88895994763bc2c8cae4ac33adce0e80ba4ca2&,"3543
음식 섭취
443
혼수 치료
1495
무법지대 킬
1268
치료 받은
190
제련
621
무법지대 데스",0.98,approved,2026-08-12 15:35:55
outlaw_465eb6b8-1b61-47d8-963c-e368ec948454,,구만집,761,368,10,0,10.00,1511622029755809822,386043747227402245,1536986605829488670,https://cdn.discordapp.com/attachments/1511622029755809822/1536986605133369375/ADAWDAWADAD.png?ex=6a7d65d2&is=6a7c1452&hm=0d238fc25d4f22fbd71c694d72019df38822d94063220d9951b62e4aa23c8d57&,"761
581
무법지대 킬
채광
787
543
2224
1047
음식 섭취
낚시
7337
치료 받은
아이템 개조
벌목
991
죽음
308
524
4803
1
혼수 치료
택배 배달
절도
52
158
502
NPC 아이템 감정
3284
수감
압수된 불법 물품
잠금 해제한 문
제작
2868
채집
10025
581
아이템 감정
목재 가공
220
알바 총 수입
772
1
8
368
음료 섭취
플레이어를 수감한
압수한 불법 물품
무법지대 데스",0.99,approved,2026-08-12 15:36:07
outlaw_1e3d94ee-5802-4bf8-bf7d-46d036de2549,,물소,158,165,2,1,2.00,1511622029755809822,307908333447282689,1536986652831125616,https://cdn.discordapp.com/attachments/1511622029755809822/1536986652529131613/image.png?ex=6a7d65dd&is=6a7c145d&hm=20565b5d1a55503cc92e668d0835c95cf2bf35b709817cbb0f5ae682e74df1b9&,"158
290
무법지대 킬
아이템 개조
165
무법지대 데스",0.99,approved,2026-08-12 15:36:18
outlaw_e95c4e68-8542-42e2-b89a-e9b9d0d62512,,샹크스,466,785,1,0,1.00,1511622029755809822,411443825869848577,1536988837992075334,https://cdn.discordapp.com/attachments/1511622029755809822/1536988837581160548/image.png?ex=6a7d67e6&is=6a7c1666&hm=5c73d492ac02eca8633983948daa7c31d432bfa83140028231e77fff3b13ee2d&,"785
무법지대 데스
407
채광
9
NPC 아이템 감정
6567
채집
4593
음식 섭취
7
압수한 불법 물품
23018
절도
466
무법지대 킬",0.98,approved,2026-08-12 15:44:58
outlaw_5188b26b-841a-4413-9f4a-66e686562f94,,화윤,222,574,3,3,1.00,1511622029755809822,515752022864035850,1537096821598322688,https://cdn.discordapp.com/attachments/1511622029755809822/1537096821233680384/image.png?ex=6a7dcc78&is=6a7c7af8&hm=cd31965dcfb989ec84369a5f11dddb017d89ad0c58a75d06cbb5faf20910345b&,"113
3965
6972
1319
치료 받은
수감
음식 섭취
낚시
588
1069
혼수 치료
죽음
30934
벌목
1942
22447
아이템 감정
574
311
압수된 불법 물품
222
음료 섭취
무법지대 데스
무법지대 킬",0.99,approved,2026-08-12 22:54:06
outlaw_dd2d56b6-cb9c-4589-a9a2-e58ed79856bc,,햇밥,148,116,13,7,1.86,1511622029755809822,369020109399916544,1537097592255815740,https://cdn.discordapp.com/attachments/1511622029755809822/1537097591932588152/image.png?ex=6a7dcd2f&is=6a7c7baf&hm=aa2ce2099b9fd8572fed41ba127fff11db93c698bb1be18df70ef8be8f41aa48&,"116
무법지대 데스
148
무법지대 킬",0.99,approved,2026-08-12 22:57:08
outlaw_bad46eed-d832-4a1b-bb67-99c0a86e3166,,구만집,779,371,18,3,6.00,1511622029755809822,386043747227402245,1537097961203302481,https://cdn.discordapp.com/attachments/1511622029755809822/1537097960670765127/11112121212.png?ex=6a7dcd87&is=6a7c7c07&hm=6fe6851e93c561109ba671ebc0adf33ee89b866c1684907dbceee6adae3eb34a&,"779
무법지대 킬
792
581
채광
543
2241
1047
음식 섭취
낚시
7337
994
죽음
치료 받은
아이템 개조
벌목
309
783
4803
1
혼수 치료
택배 배달
절도
52
158
502
NPC 아이템 감정
3284
수감
압수된 불법 물품
잠금 해제한 문
제작
2868
채집
772
음료 섭취
10025
581
아이템 감정
목재 가공
220
알바 총 수입
371
플레이어를 수감한
압수한 불법 물품
무법지대 데스",0.99,approved,2026-08-12 22:58:40
outlaw_5871a269-19d4-42ee-b671-1696f7ece7d3,,형석,351,261,12,5,2.40,1511622029755809822,275907220032716800,1537098001355509830,https://cdn.discordapp.com/attachments/1511622029755809822/1537098001007251486/image.png?ex=6a7dcd91&is=6a7c7c11&hm=9ac56928a409b53a2e4f42580eea86b55ab1a0c53b0174dfe1ebd9ab8f07511f&,"151
혼수 치료
351
무법지대 킬
261
무법지대 데스
68
아이템 개조",0.99,approved,2026-08-12 22:58:45
outlaw_1ed17c66-8a06-4d04-9045-0ffc1a155c9b,,김공찬,20,34,2,4,0.50,1511622029755809822,291170479916580865,1537098125880328252,https://cdn.discordapp.com/attachments/1511622029755809822/1537098125494329526/image.png?ex=6a7dcdaf&is=6a7c7c2f&hm=510a88152e26f1d8262c4133c18195aff773d20f725d1a58d8dde273cc21b719&,"34
1225
무법지대 데스
목재 가공
656
음식 섭취
70
낚시
687
제련
10
혼수 치료
9
알바 완료횟수
630
음료 섭취
37
치료 받은
57
아이템 개조
24
절도
20
무법지대 킬",0.98,approved,2026-08-12 22:59:17
outlaw_ff763ed9-5009-4de1-9a69-760d7d5ace59,,박두억,1507,625,12,4,3.00,1511622029755809822,355887922597199876,1537098199255486474,https://cdn.discordapp.com/attachments/1511622029755809822/1537098198953492500/image.png?ex=6a7dcdc0&is=6a7c7c40&hm=56e996412cadfd1fead3aeb0311ed82fb78768510193aa6ea4431c12d1d0ca55&,"1507
무법지대 킬
1269
치료 받은
190
제련
625
무법지대 데스",0.98,approved,2026-08-12 22:59:33
outlaw_f003d7a8-21f8-4c3a-b92d-8fd91aa88558,,백민훈,1437,1027,10,6,1.67,1511622029755809822,348387167245959180,1537098466050973737,https://cdn.discordapp.com/attachments/1511622029755809822/1537098465719492688/image.png?ex=6a7dce00&is=6a7c7c80&hm=6b86f69170008512bc51cd867b17437195783b9587177b512fcdeaa96ff946d4&,"19843
제작
1027
무법지대 데스
28
플레이어 치료
13
NPC 혼수 치료
6063
음식 섭취
34968
낚시
1437
무법지대 킬
1
악보 작곡",0.98,approved,2026-08-12 23:00:37
outlaw_ee133ce5-4a78-449d-8182-09cd3678246a,,만석침,1689,900,15,3,5.00,1511622029755809822,379225684242989058,1537098476587057382,https://cdn.discordapp.com/attachments/1511622029755809822/1537098476230283355/2026-08-12_225944.png?ex=6a7dce02&is=6a7c7c82&hm=83646b9d0e37890f8d221c0e64d9ac4c4b6d027f9cbbc77a3e91c6ac3523ddd0&,"1689
무법지대 킬
900
무법지대 데스",0.99,approved,2026-08-12 23:00:38
outlaw_558cba73-b53b-457a-a7c0-092b4c5f116a,,조창봉,1154,844,18,2,9.00,1511622029755809822,338900767488606211,1537099334611374080,https://cdn.discordapp.com/attachments/1511622029755809822/1537099334255120454/2026-08-12_230347.png?ex=6a7dcecf&is=6a7c7d4f&hm=b8d8625f6e3c41c31076e06076e08ed16c0756fa7b882beff7cb478e6ad2dddc&,"844
무법지대 데스
1154
무법지대 킬",0.99,approved,2026-08-12 23:04:04
outlaw_799d4155-31f8-4643-bf8d-e595c227196e,,영포티,343,549,3,2,1.50,1511622029755809822,533679079388610560,1537100303911100416,https://cdn.discordapp.com/attachments/1511622029755809822/1537100303344603206/7FDB9727-1378-4321-8939-9B04574FB3DE.png?ex=6a7dcfb6&is=6a7c7e36&hm=865ec22f72973c780d87c981633ce5621ccbcfe90245e88cd77ba77d3ac51237&,"549
무법지대 데스
343
무법지대 킬",0.98,approved,2026-08-12 23:07:54
outlaw_8d579f89-92e6-4dd2-a137-0c2f93898cea,,키스,445,556,9,4,2.25,1511622029755809822,578196304803528724,1537100389885804554,https://cdn.discordapp.com/attachments/1511622029755809822/1537100389449474120/image.png?ex=6a7dcfca&is=6a7c7e4a&hm=d4db731f802d6a2de327c946b01d1166e466c5c68b0d3749568555fb69113be5&,"556
248
무법지대 데스
아이템 개조
445
무법지대 킬",0.99,approved,2026-08-12 23:08:15
outlaw_1472a182-b2e5-4ccc-9b74-a184d9ed585b,,ෆ야미ෆ,467,831,7,7,1.00,1511622029755809822,483558977431666689,1537102391097168003,https://cdn.discordapp.com/attachments/1511622029755809822/1537102390711423018/image.png?ex=6a7dd1a7&is=6a7c8027&hm=08697196dec23c00b22c0b606656baeeb186aa3d59f22437189742c8cd8b2553&,"467
무법지대 킬
1040
택배 배달
23046
벌목
1368
채집
61
수감
16645
제작
220
알바 총 수입
831
무법지대 데스",0.98,approved,2026-08-12 23:16:12
outlaw_0cf0afdb-0b3e-4501-a328-74f671188495,,샹크스,478,790,12,5,2.40,1511622029755809822,411443825869848577,1537105353169305621,https://cdn.discordapp.com/attachments/1511622029755809822/1537105352892612729/image.png?ex=6a7dd46a&is=6a7c82ea&hm=973496ccab51d4dc3659922e629986c986edf824f18bbe68a724b5c547b783a9&,"790
407
무법지대 데스
채광
9
6567
NPC 아이템 감정
채집
4604
음식 섭취
7
압수한 불법 물품
23018
절도
478
무법지대 킬",0.98,approved,2026-08-12 23:28:02
outlaw_c2024097-4309-4311-baf8-652971dc0bbd,,화윤,224,574,2,0,2.00,1511622029755809822,515752022864035850,1537711892892622848,https://cdn.discordapp.com/attachments/1511622029755809822/1537711892510806047/image.png?ex=6a80094c&is=6a7eb7cc&hm=c31a9c32e91de996b35133b018f1a47feb64d1eadd4d62f88974237060505f9d&,"1942
32425
음료 섭취
벌목
12
574
224
무법지대 데스
무법지대 킬
8700
17
채집
압수한 불법 물품
제작
412
아이템 개조",0.99,approved,2026-08-14 15:38:09
outlaw_a5385246-20a3-4528-85c5-de6bb772871c,,박두억,1511,625,4,0,4.00,1511622029755809822,355887922597199876,1537712011251814470,https://cdn.discordapp.com/attachments/1511622029755809822/1537712010899365918/image.png?ex=6a800968&is=6a7eb7e8&hm=623ce4d774a6b46975e84b9338d409995985251cfa9aa2107f2695ec37e81ca5&,"1511
무법지대 킬
1143
잠금 해제한 문
190
제련
625
무법지대 데스",0.98,approved,2026-08-14 15:38:38
outlaw_44345f81-32c7-4f96-a64d-59bc753e629f,,영포티,344,549,1,0,1.00,1511622029755809822,533679079388610560,1537712442136592484,https://cdn.discordapp.com/attachments/1511622029755809822/1537712441645867088/B9BBD5D4-3839-47B5-8359-AB537ADF7EDB.png?ex=6a8009cf&is=6a7eb84f&hm=623137ae2bdda50d718367721a60d878ce9ef5509818888a7b671608d1d09761&,"549
무법지대 데스
344
무법지대 킬",0.99,approved,2026-08-14 15:40:20
outlaw_7ee5009a-2e29-47b3-bdd8-d289293785c8,,벚꽃,225,455,6,5,1.20,1511622029755809822,731516789917483049,1537712616410054756,https://cdn.discordapp.com/attachments/1511622029755809822/1537712616133361736/image.png?ex=6a8009f9&is=6a7eb879&hm=43c02e1b6abe06ba70e1dbbad6872068a14060ddb735c9657b27f72ea04ec4ed&,"455
21
225
무법지대 데스
압수한 불법 물품
무법지대 킬",0.99,approved,2026-08-14 15:41:01
outlaw_26dfe378-99ef-438c-9f95-f8d324e2412c,,키스,448,557,3,1,3.00,1511622029755809822,578196304803528724,1537712628045193359,https://cdn.discordapp.com/attachments/1511622029755809822/1537712627742941244/image.png?ex=6a8009fb&is=6a7eb87b&hm=d07e5ef6a21a55a2ca96558e1f21a7562676a0ac64f8c0cdc3bc82bf82e6ebf8&,"800
387
택배 배달
혼수 치료
448
108
557
무법지대 데스
249
무법지대 킬
압수된 불법 물품
아이템 개조",0.99,approved,2026-08-14 15:41:04
outlaw_6f99ceed-81bb-4627-b848-62846c9f4459,,물소,159,165,1,0,1.00,1511622029755809822,307908333447282689,1537714032902148137,https://cdn.discordapp.com/attachments/1511622029755809822/1537714032591511572/image.png?ex=6a800b4a&is=6a7eb9ca&hm=910ba2547e530855f0d91b177c564669732938d28c77dc12e9d88198a8a35e9a&,"159
308
무법지대 킬
아이템 개조
165
무법지대 데스",0.99,approved,2026-08-14 15:46:39
outlaw_433db6e8-abc9-4ddd-9362-80c0a3bcb911,,물소,161,165,2,0,2.00,1511622029755809822,307908333447282689,1537715532013510716,https://cdn.discordapp.com/attachments/1511622029755809822/1537715531748999248/image.png?ex=6a800cb0&is=6a7ebb30&hm=aac7c768a5c870acd654e7e4a15f75e0ffd8a975d7f61cc8b5403a34e6f6eebb&,"161
308
무법지대 킬
아이템 개조
165
무법지대 데스",0.99,approved,2026-08-14 15:52:36
outlaw_35eca03f-dabf-4f03-ae54-9e7bfd813bf5,,물소,162,165,1,0,1.00,1511622029755809822,307908333447282689,1537716602445766656,https://cdn.discordapp.com/attachments/1511622029755809822/1537716602152292403/image.png?ex=6a800daf&is=6a7ebc2f&hm=a95f57e39bf138ff0c0371e3304b573ace00507513b4f5894f138013d5ccb389&,"162
308
무법지대 킬
아이템 개조
165
무법지대 데스",0.99,approved,2026-08-14 15:56:51
outlaw_1c03f4f8-1044-44df-ab04-bf718e4d06bb,,샹크스,478,791,0,1,0.00,1511622029755809822,411443825869848577,1537717245030039583,https://cdn.discordapp.com/attachments/1511622029755809822/1537717244879175730/image.png?ex=6a800e48&is=6a7ebcc8&hm=e49f44aca8092195ea7560c74a5a3313b620234dc083bf329f355dc2cbe61e3f&,"791
무법지대 데스
407
채광
9
NPC 아이템 감정
7275
채집
4668
음식 섭취
7
압수한 불법 물품
23018
절도
478
무법지대 킬",0.98,approved,2026-08-14 15:59:24
outlaw_ac3fefad-654c-472d-9ef3-2e00ed5f082c,,만석침,1693,900,4,0,4.00,1511622029755809822,379225684242989058,1537717458394419230,https://cdn.discordapp.com/attachments/1511622029755809822/1537717457954013194/2026-08-14_155955.png?ex=6a800e7b&is=6a7ebcfb&hm=a457ddbc19d4946513c7ad592063d5f5a6b068e63706fac203009638578cbd51&,"1693
무법지대 킬
900
무법지대 데스",0.99,approved,2026-08-14 16:00:16
outlaw_7e6b9bb3-17c8-4107-b69d-8d6af1aa20e7,,구만집,780,372,1,1,1.00,1511622029755809822,386043747227402245,1537719003395653632,https://cdn.discordapp.com/attachments/1511622029755809822/1537719002984488960/ADWDWA.png?ex=6a800feb&is=6a7ebe6b&hm=cad974e5d18c491ff87fbc61989c26bf19b8c94ef60efb88636effc1e68e1e5a&,"780
581
무법지대 킬
채광
314
802
1047
낚시
2276
음식 섭취
7337
582
아이템 개조
혼수 치료
치료 받은
벌목
783
택배 배달
158
1000
죽음
503
4803
1
절도
53
압수된 불법 물품
잠금 해제한 문
수감
3913
채집
10025
581
아이템 감정
목재 가공
NPC 아이템 감정
3344
제작
220
알바 총 수입
781
1
8
372
음료 섭취
플레이어를 수감한
압수한 불법 물품
무법지대 데스",0.98,approved,2026-08-14 16:06:25
outlaw_40caf6a4-d775-49eb-a873-2e20df0db517,,키스,449,558,1,1,1.00,1511622029755809822,578196304803528724,1537804697132597338,https://cdn.discordapp.com/attachments/1511622029755809822/1537804696461516941/image.png?ex=6a805fba&is=6a7f0e3a&hm=f9a22de4143f19b6fa4b2c16affac0a6de8dee3b284e93e48827018d64201d5a&,"387
혼수 치료
449
무법지대 킬
558
무법지대 데스
249
아이템 개조",0.99,approved,2026-08-14 21:46:55
outlaw_402b6ddc-a19f-48ac-9ce4-368e972fd4e9,,형석,358,263,7,2,3.50,1511622029755809822,275907220032716800,1537818449051521095,https://cdn.discordapp.com/attachments/1511622029755809822/1537818448594346105/image.png?ex=6a806c89&is=6a7f1b09&hm=d0d823d2f5a5632eb7ed264e4221029c6533f6c034668f2e0390ae094c3010cd&,"358
무법지대 킬
8280
아이템 감정
2938
제작
263
무법지대 데스",0.99,approved,2026-08-14 22:41:33
outlaw_4511c766-8846-4c58-a051-a49ed33fa4e5,,물소,167,166,5,1,5.00,1511622029755809822,307908333447282689,1537818553661784246,https://cdn.discordapp.com/attachments/1511622029755809822/1537818553313525901/image.png?ex=6a806ca2&is=6a7f1b22&hm=840bd481183624d62f0f1d2ffe06e85c0d32d4758de4d051efdf0f319ee06d6d&,"167
310
무법지대 킬
아이템 개조
166
무법지대 데스",0.99,approved,2026-08-14 22:42:01
outlaw_b159de9f-f5ae-4e0a-83b0-19b1e7638736,,만석침,1707,900,14,0,14.00,1511622029755809822,379225684242989058,1537819511875571765,https://cdn.discordapp.com/attachments/1511622029755809822/1537819511854735550/2026-08-14_224529.png?ex=6a806d86&is=6a7f1c06&hm=4ae83dc76488151d9e34909e8d5778ac02a98a18cb457fe645653471ab901e9b&,"1707
무법지대 킬
900
무법지대 데스",0.99,approved,2026-08-14 22:45:47
outlaw_c9a46a9b-21b9-46e0-a263-22c2ccd43320,,구만집,794,372,14,0,14.00,1511622029755809822,386043747227402245,1537819707548242081,https://cdn.discordapp.com/attachments/1511622029755809822/1537819707443511358/12312312312313.png?ex=6a806db5&is=6a7f1c35&hm=23bc744ff3fa251517dc1ce346eaef03838559059ddc423f2e59fda109babca2&,"794
581
무법지대 킬
채광
314
1000
혼수 치료
죽음
2282
1047
음식 섭취
낚시
7337
582
벌목
아이템 개조
783
803
4803
1
택배 배달
치료 받은
절도
158
503
53
압수된 불법 물품
잠금 해제한 문
수감
3913
채집
10025
581
아이템 감정
목재 가공
NPC 아이템 감정
3344
제작
220
알바 총 수입
785
1
8
372
음료 섭취
플레이어를 수감한
압수한 불법 물품
무법지대 데스",0.98,approved,2026-08-14 22:46:34
outlaw_0434be85-501b-4aa6-ac43-caa4d3438f2e,,박두억,1525,625,14,0,14.00,1511622029755809822,355887922597199876,1537819894790488195,https://cdn.discordapp.com/attachments/1511622029755809822/1537819894484176916/image.png?ex=6a806de2&is=6a7f1c62&hm=d97c524dbc18d7d731ac755cb1a91d74736a61b73e41716c88e2c33f5a033ae5&,"1525
무법지대 킬
1143
잠금 해제한 문
190
제련
625
무법지대 데스",0.98,approved,2026-08-14 22:47:18
outlaw_c7bb0490-053d-4d82-af00-85e09eb5525a,,백민훈,1444,1027,7,0,7.00,1511622029755809822,348387167245959180,1537819929321930832,https://cdn.discordapp.com/attachments/1511622029755809822/1537819928948772884/image.png?ex=6a806dea&is=6a7f1c6a&hm=c702e260e099120007e451e630e50dcb836c2d61ed68dc82c7e5029e17b5abab&,"19843
제작
1027
무법지대 데스
28
플레이어 치료
13
NPC 혼수 치료
6075
음식 섭취
34968
낚시
1444
무법지대 킬
1
악보 작곡",0.98,approved,2026-08-14 22:47:27
outlaw_bdeddcdb-dee7-480d-b2ec-300064a24ed8,,조창봉,1164,844,10,0,10.00,1511622029755809822,338900767488606211,1537820126588571678,https://cdn.discordapp.com/attachments/1511622029755809822/1537820126244773888/2026-08-14_224800.png?ex=6a806e19&is=6a7f1c99&hm=6c63b67472568a1e150864e6d3297c8151ced0c57102fcb0e323de1f83d4940d&,"844
무법지대 데스
1164
무법지대 킬",0.99,approved,2026-08-14 22:48:14
outlaw_502eebc8-ec67-4574-bc03-e0fccaed1f8e,,화윤,226,578,2,4,0.50,1511622029755809822,515752022864035850,1537820219043745944,https://cdn.discordapp.com/attachments/1511622029755809822/1537820218858938500/image.png?ex=6a806e2f&is=6a7f1caf&hm=b8fa389e4fb38eddf9421877fbd50fbc1e154b8261ee306031a79b1b7e4aa5c9&,"1942
32610
음료 섭취
벌목
12
578
226
무법지대 데스
무법지대 킬
8767
17
채집
압수한 불법 물품
제작
418
아이템 개조",0.99,approved,2026-08-14 22:48:37
outlaw_0095143f-1296-4d29-be21-1ebc7f1e8302,,키스,452,560,3,2,1.50,1511622029755809822,578196304803528724,1537820246038020218,https://cdn.discordapp.com/attachments/1511622029755809822/1537820245555683479/image.png?ex=6a806e35&is=6a7f1cb5&hm=b11a4b2bb98555b33feefe8c6a493a5b5532f16d76c21e26cf8a5c4f08b78ab5&,"388
혼수 치료
560
무법지대 데스
452
무법지대 킬
249
아이템 개조",0.98,approved,2026-08-14 22:48:42
outlaw_c71f5f6a-0d40-49fa-aea1-57791ae65962,,벚꽃,226,456,1,1,1.00,1511622029755809822,731516789917483049,1537820262979076146,https://cdn.discordapp.com/attachments/1511622029755809822/1537820262655983626/image.png?ex=6a806e39&is=6a7f1cb9&hm=0b4a26449fe557229a81cc55db2541011124d726d9205b387e1d066fc33cfbca&,"456
21
226
무법지대 데스
압수한 불법 물품
무법지대 킬",0.99,approved,2026-08-14 22:48:46
outlaw_98da58a0-3dac-4ca6-882e-e9318dc159eb,,영포티,347,551,3,2,1.50,1511622029755809822,533679079388610560,1537820264652472360,https://cdn.discordapp.com/attachments/1511622029755809822/1537820264073666650/6DC4B040-C6AC-4CC1-81DA-EBB0F4AC99FA.png?ex=6a806e3a&is=6a7f1cba&hm=907928a82e170a50ec82f53a8937a8ec70be8541df956eb1989a8c02a7191f68&,"551
무법지대 데스
347
무법지대 킬",0.98,approved,2026-08-14 22:48:49
outlaw_7970f45b-e0fe-42c0-ab22-29499a354bcf,,샹크스,483,793,5,2,2.50,1511622029755809822,411443825869848577,1537820277004574742,https://cdn.discordapp.com/attachments/1511622029755809822/1537820276845453452/image.png?ex=6a806e3d&is=6a7f1cbd&hm=8d12c80573dc19e34437c491c3181eedc30ce15c6c5de4d6496979dfa4249d0a&,"793
무법지대 데스
9
407
채광
7275
NPC 아이템 감정
채집
4680
음식 섭취
7
압수한 불법 물품
23018
절도
483
무법지대 킬",0.98,approved,2026-08-14 22:48:51
outlaw_0453e2d9-ac21-4105-b2f7-027d1359253b,,햇밥,150,118,2,2,1.00,1511622029755809822,369020109399916544,1537828257515311195,https://cdn.discordapp.com/attachments/1511622029755809822/1537828256886161539/image.png?ex=6a8075ab&is=6a7f242b&hm=e8a5eb13c50d982691574dc42c2629572cc6b17e139d5cb8d332d1e93e08a193&,"118
무법지대 데스
150
무법지대 킬",0.99,approved,2026-08-14 23:20:32
outlaw_d3467ed5-1ad9-4c25-bb2e-8b8cfff4bb4b,,물소,175,173,8,7,1.14,1511622029755809822,307908333447282689,1538076773944664086,https://cdn.discordapp.com/attachments/1511622029755809822/1538076773466505276/image.png?ex=6a815d1e&is=6a800b9e&hm=1f031baebf211dd278429d9ee0776a55cb62e6dca19630dcf61fb3f82ddc5339&,"175
310
무법지대 킬
아이템 개조
173
무법지대 데스",0.99,approved,2026-08-15 15:48:03
outlaw_30eba4c1-2375-4772-bc0c-3e177c09575f,,형석,367,269,9,6,1.50,1511622029755809822,275907220032716800,1538076781746061373,https://cdn.discordapp.com/attachments/1511622029755809822/1538076781448273931/image.png?ex=6a815d20&is=6a800ba0&hm=8ee2a245123b1a748392badee5fb41870a90ebb09dcacca1bc89bab8c2b3cae8&,"269
무법지대 데스
367
무법지대 킬",0.99,approved,2026-08-15 15:48:05
outlaw_b5ed4ea3-7af8-4d6e-9fbd-71e61016b209,,백민훈,1455,1035,11,8,1.38,1511622029755809822,348387167245959180,1538078086757748807,https://cdn.discordapp.com/attachments/1511622029755809822/1538078086594174986/image.png?ex=6a815e57&is=6a800cd7&hm=58a2e7769e7cd00c6a8da26447d9bbb579eba3cf96b7e426c18ca454133cebbd&,"19843
제작
1035
무법지대 데스
28
플레이어 치료
13
NPC 혼수 치료
6099
음식 섭취
35260
낚시
1455
무법지대 킬
1
악보 작곡",0.98,approved,2026-08-15 15:53:18
outlaw_256756cf-3cec-40c5-a2c5-719295904149,,구만집,802,378,8,6,1.33,1511622029755809822,386043747227402245,1538079326258331668,https://cdn.discordapp.com/attachments/1511622029755809822/1538079325935509536/zzz.png?ex=6a815f7f&is=6a800dff&hm=0c3cbc45669e8e37d7cca2f7b3ee87b17954a78673a1acafd9c4327ad547b845&,"802
무법지대 킬
318
581
채광
583
2293
1047
음식 섭취
낚시
7337
1009
죽음
혼수 치료
아이템 개조
벌목
783
808
4923
1
택배 배달
치료 받은
절도
158
55
514
NPC 아이템 감정
3438
압수된 불법 물품
수감
잠금 해제한 문
제작
3913
채집
10200
아이템 감정
581
목재가공
220
알바 총 수입
806
1
378
음료 섭취
플레이어를 수감한
압수한 불법물품
무법지대 데스",0.99,approved,2026-08-15 15:58:13
outlaw_b6fce132-8d2b-4f6f-95b8-b32c64f9a3b4,,박두억,1541,632,16,7,2.29,1511622029755809822,355887922597199876,1538079435226484766,https://cdn.discordapp.com/attachments/1511622029755809822/1538079434840481813/image.png?ex=6a815f99&is=6a800e19&hm=e0502f52d39ea2d1a6f09fb05d10b4b64c800fb4c2f4a899357b1f399f07f58b&,"1541
무법지대 킬
1143
잠금 해제한 문
190
제련
632
무법지대 데스",0.98,approved,2026-08-15 15:58:36
outlaw_54d9597f-4142-4265-828c-e0e1d8e9b472,,키스,454,568,2,8,0.25,1511622029755809822,578196304803528724,1538080117371183135,https://cdn.discordapp.com/attachments/1511622029755809822/1538080117060935690/image.png?ex=6a81603c&is=6a800ebc&hm=bb491e1ec0a7ae2150e81f040e5ab4f31e984a3696fb037af379cae4ce94cbf1&,"800
택배 배달
454
무법지대 킬
388
혼수 치료
252
아이템 개조
568
무법지대 데스
108
압수된 불법 물품",0.99,approved,2026-08-15 16:01:21
outlaw_fabd9284-5164-4b79-bbee-1273ebd34a3b,,영포티,352,557,5,6,0.83,1511622029755809822,533679079388610560,1538080511434690600,https://cdn.discordapp.com/attachments/1511622029755809822/1538080511115657216/64B79885-161D-42E2-BD9C-471153896528.png?ex=6a81609a&is=6a800f1a&hm=2552db8145f5bdab79c7a96f22b2e277923b571a1e0493c40f75703141ea46c0&,"557
무법지대 데스
352
무법지대 킬",0.99,approved,2026-08-15 16:02:55
outlaw_6cb76803-4e3e-4af0-afc7-47f81ca58c66,,햇밥,154,125,4,7,0.57,1511622029755809822,369020109399916544,1538081106027487254,https://cdn.discordapp.com/attachments/1511622029755809822/1538081105633214464/image.png?ex=6a816127&is=6a800fa7&hm=d45c669807c0991add5b600899d9bf139467130ee82a69f12d38f3e2d3227659&,"125
무법지대 데스
154
무법지대 킬",0.99,approved,2026-08-15 16:05:15
outlaw_026919f3-ca23-460b-b49b-dd46dfed63b4,,형석,370,273,3,4,0.75,1511622029755809822,275907220032716800,1538179130929975337,https://cdn.discordapp.com/attachments/1511622029755809822/1538179130506616972/image.png?ex=6a81bc72&is=6a806af2&hm=3e0746738983c3573ad0ff73dd5412169e77bb9f36e2efffbcf2ff89154afcc7&,"370
2982
273
무법지대 데스
무법지대 킬
제작",0.99,approved,2026-08-15 22:34:47
outlaw_30dd9da1-ad8b-42d0-90e4-69c66c4b0171,,박두억,1549,634,8,2,4.00,1511622029755809822,355887922597199876,1538179321980522578,https://cdn.discordapp.com/attachments/1511622029755809822/1538179321661886534/image.png?ex=6a81bca0&is=6a806b20&hm=1f4caa79146268e1f32c40159a81d3e9fe07bcbada5e4aedbdfd18b20599e416&,"1549
무법지대 킬
1143
잠금 해제한 문
190
제련
634
무법지대 데스",0.98,approved,2026-08-15 22:35:33
outlaw_b2e12857-6397-4f55-aa3d-169a86ce380a,,벚꽃,227,457,1,1,1.00,1511622029755809822,731516789917483049,1538179665636622476,https://cdn.discordapp.com/attachments/1511622029755809822/1538179665305411646/image.png?ex=6a81bcf2&is=6a806b72&hm=43e7a4f2ba3bfb0b953132cd6250564c4068dc1c1d259e6e3c052adb68afe9eb&,"457
21
무법지대 데스
압수한 불법물품
227
무법지대 킬",0.99,approved,2026-08-15 22:36:54
outlaw_b38cd02f-75df-4eee-84ec-95562a288aff,,키스,458,569,4,1,4.00,1511622029755809822,578196304803528724,1538180805636128838,https://cdn.discordapp.com/attachments/1511622029755809822/1538180805317230693/image.png?ex=6a81be02&is=6a806c82&hm=4032be6a55c9e0f5c24baaf735677db5475485233d7e03c5dc8dac2c0a99cd09&,"569
무법지대 데스
458
무법지대 킬",0.98,approved,2026-08-15 22:41:25
outlaw_0e2fbd55-c2da-4fd7-8859-5aa20ef5c8ac,,물소,180,177,5,4,1.25,1511622029755809822,307908333447282689,1538181164454383657,https://cdn.discordapp.com/attachments/1511622029755809822/1538181164148326490/image.png?ex=6a81be57&is=6a806cd7&hm=1a72f8b9971da6cb8ece135febf2790f0a6ac479fedce8604a58b36e5390aaf6&,"180
310
무법지대 킬
아이템 개조
177
무법지대 데스",0.99,approved,2026-08-15 22:42:53
outlaw_d7c7bf68-5694-47be-9805-3d16bba093c7,,햇밥,159,129,5,4,1.25,1511622029755809822,369020109399916544,1538181497352360021,https://cdn.discordapp.com/attachments/1511622029755809822/1538181497205555301/image.png?ex=6a81bea6&is=6a806d26&hm=3290534e8fb33b7eba9ed835ba7aae5da64db895b90324d80ff15fc05bbf8d66&,"129
무법지대 데스
159
무법지대 킬",0.99,approved,2026-08-15 22:44:12
outlaw_8ffcd4c7-b8b3-4a5b-bb1a-85827429a7f0,,영포티,352,558,0,1,0.00,1511622029755809822,533679079388610560,1538181665204215948,https://cdn.discordapp.com/attachments/1511622029755809822/1538181664797233162/9B277635-D274-4667-AFF3-872F99E9611D.png?ex=6a81bece&is=6a806d4e&hm=2a29febd15d44f553eec20d432e691d8455d7f8502190035dbab3732c976fac5&,"6728
절도
23560
3
558
낚시
알바 완료횟수
무법지대 데스
352
무법지대 킬
347
목재가공
84655
벌목",0.98,approved,2026-08-15 22:44:51
outlaw_bd818a1c-85c6-4d20-9153-089679dd75c7,,백민훈,1460,1039,5,4,1.25,1511622029755809822,348387167245959180,1538184071824547942,https://cdn.discordapp.com/attachments/1511622029755809822/1538184071501455520/image.png?ex=6a81c10c&is=6a806f8c&hm=1ac4d7820beee5d9fa84e4c4bdf92016ffe3edd517c930f372d29d3aba7b73a5&,"19843
제작
1039
무법지대 데스
28
플레이어 치료
13
NPC 혼수 치료
6106
음식 섭취
35260
낚시
1460
무법지대 킬
1
악보 작곡",0.98,approved,2026-08-15 22:54:26
outlaw_bb80678e-5069-4ddb-bf1e-15692657592f,,구만집,811,380,9,2,4.50,1511622029755809822,386043747227402245,1538186735584813106,https://cdn.discordapp.com/attachments/1511622029755809822/1538186735064842320/CZCZCZCZC.png?ex=6a81c387&is=6a807207&hm=e019f5955259ca6f95f3a6398af9b8185d2c43014069f278662942d771d73e90&,"811
581
무법지대 킬
채광
321
584
2301
1047
음식 섭취
낚시
7337
혼수 치료
아이템 개조
벌목
783
815
1015
죽음
4923
NPC 아이템 감정
택배 배달
치료 받은
절도
158
55
514
3451
압수된 불법 물품
수감
잠금 해제한 문
제작
3913
채집
10200
아이템 감정
581
목재 가공
220
알바 총 수입
818
8
380
음료 섭취
플레이어를 수감한
압수한 불법 물품
무법지대 데스",0.98,approved,2026-08-15 23:05:02
outlaw_7ac8e73e-48ed-47d9-9a6e-87bcc6a9e32f,,화윤,227,578,1,0,1.00,1511622029755809822,515752022864035850,1538186960118743041,https://cdn.discordapp.com/attachments/1511622029755809822/1538186959720026142/image.png?ex=6a81c3bd&is=6a80723d&hm=0d221fc22dd479b1751f99a51f527f6154cb60fcff74f4807aaba607af77bad6&,"33189
벌목
12
1942
227
음료 섭취
무법지대 킬
8775
압수한 불법 물품
제작
7집
17
채집
578
무법지대 데스
425
아이템 개조",0.97,approved,2026-08-15 23:05:55
outlaw_2e3dc526-5906-416c-af4a-b2641f5da3d3,,샹크스,491,810,8,17,0.47,1511622029755809822,411443825869848577,1538187227094319245,https://cdn.discordapp.com/attachments/1511622029755809822/1538187226712903681/image.png?ex=6a81c3fc&is=6a80727c&hm=c385463e09d70b1165c519388709b67adc01d44c5f21b83f872ad870a6d922cc&,"810
무법지대 데스
9
NPC 아이템 감정
4708
음식 섭취
407
채광
7275
채집
7
압수한 불법 물품
23018
절도
491
무법지대 킬",0.98,approved,2026-08-15 23:06:58
outlaw_3db3ef64-537e-4134-b7df-9c26aaab4331,,형석,381,275,11,2,5.50,1511622029755809822,275907220032716800,1538437377968578602,https://cdn.discordapp.com/attachments/1511622029755809822/1538437377582694451/image.png?ex=6a82acf5&is=6a815b75&hm=5820550b30a277895246f99b11a34cc47d01ef152c0b9e61a2fe53de004533e7&,"275
2982
381
무법지대 킬
무법지대 데스
제작",0.99,approved,2026-08-16 15:40:58
outlaw_16c325cd-0a5d-411c-b442-0d229ba6ad0d,,영포티,359,560,7,2,3.50,1511622029755809822,533679079388610560,1538437760371789844,https://cdn.discordapp.com/attachments/1511622029755809822/1538437760015142953/CD43126C-7BEB-42F7-A14B-AE219840740C.png?ex=6a82ad50&is=6a815bd0&hm=d951c24fd7c2b56c6c7ef84f28c180d34d449b409bdd9739d471bbed4da8630f&,"23560
3
560
알바 완료횟수
무법지대 데스
6728
절도
낚시
359
무법지대 킬
347
85634
목재가공
벌목",0.98,approved,2026-08-16 15:42:29
outlaw_ff376544-9a51-4404-a7ce-569b9f55d19a,,벚꽃,237,461,10,4,2.50,1511622029755809822,731516789917483049,1538437832362688582,https://cdn.discordapp.com/attachments/1511622029755809822/1538437831989661766/image.png?ex=6a82ad61&is=6a815be1&hm=ee9ca85999e96bd603c780d1b795d2ac83a4881c9e82107ab1103a07b6a81a78&,"461
21
237
무법지대 데스
압수한 불법 물품
무법지대 킬",0.99,approved,2026-08-16 15:42:45
outlaw_649e6cc3-d24a-481c-9166-d71545afe4ae,,물소,188,181,8,4,2.00,1511622029755809822,307908333447282689,1538437975145324557,https://cdn.discordapp.com/attachments/1511622029755809822/1538437974906118175/image.png?ex=6a82ad84&is=6a815c04&hm=ae0901e8aeddc1fc3ac1f1d780da9f2863dee327e809fc577c09c800e9efd663&,"188
313
무법지대 킬
아이템 개조
181
무법지대 데스",0.99,approved,2026-08-16 15:43:20
outlaw_b056ca55-6b83-4cde-9add-85d9a308b23b,,구만집,831,382,20,2,10.00,1511622029755809822,386043747227402245,1538438085149204501,https://cdn.discordapp.com/attachments/1511622029755809822/1538438085040279572/123123121241.png?ex=6a82ad9e&is=6a815c1e&hm=618f158e627cf3bdb6fbbd59b4d3cda81c9662d435954c56d90b580846a4ec65&,"831
무법지대 킬
584
581
채광
818
2305
1047
음식 섭취
낚시
7337
아이템 개조
치료 받은
벌목
1017
죽음
783
323
4923
1
택배 배달
혼수 치료
절도
158
55
압수된 불법 물품
수감
3913
채집
514
잠금 해제한 문
10200
581
아이템 감정
목재 가공
NPC 아이템 감정
3451
제작
220
알바 총 수입
821
1
8
382
음료 섭취
플레이어를 수감한
압수한 불법 물품
무법지대 데스",0.99,approved,2026-08-16 15:43:46
outlaw_0162199f-511a-4821-a643-d2799daee376,,박두억,1565,638,16,4,4.00,1511622029755809822,355887922597199876,1538438475756347422,https://cdn.discordapp.com/attachments/1511622029755809822/1538438475429318687/image.png?ex=6a82adfb&is=6a815c7b&hm=a032c3ded7b5c1974f5330412277dba984bcad05adcf147e2efd20b267b15680&,"1565
무법지대 킬
1287
치료 받은
190
제련
638
무법지대 데스",0.97,approved,2026-08-16 15:45:19
outlaw_b818cd97-41fc-4352-b4d3-64262477bb28,,만석침,1712,902,5,2,2.50,1511622029755809822,379225684242989058,1538438525614170142,https://cdn.discordapp.com/attachments/1511622029755809822/1538438525219897444/2026-08-16_154516.png?ex=6a82ae07&is=6a815c87&hm=1741ab2839a9b23afed01432fe035eab083d60542b911b784423e0532e214906&,"1712
무법지대 킬
902
무법지대 데스",0.99,approved,2026-08-16 15:45:30
outlaw_45250115-0509-4a95-adbc-31ff5f0a63fb,,백민훈,1472,1043,12,4,3.00,1511622029755809822,348387167245959180,1538439185818587156,https://cdn.discordapp.com/attachments/1511622029755809822/1538439185487233044/image.png?ex=6a82aea4&is=6a815d24&hm=d9f053dfd0ff1d1a1e297e72d69c4c102904ac9e44c92e1648824927adf6a1e5&,"19860
제작
1043
무법지대 데스
28
플레이어 치료
13
NPC 혼수 치료
6120
음식 섭취
35260
낚시
1472
무법지대 킬
1
악보 작곡",0.98,approved,2026-08-16 15:48:08
outlaw_b33d6e39-a824-4101-8100-32e231eb025e,,화윤,229,585,2,7,0.29,1511622029755809822,515752022864035850,1538542897748779088,https://cdn.discordapp.com/attachments/1511622029755809822/1538542897446522920/image.png?ex=6a830f3b&is=6a81bdbb&hm=da037c0c0be206010d8ecdc4c50c5c8a8d3146af0ed3ed4b7fbe586859d7b988&,"1942
33963
음료 섭취
벌목
12
8783
압수한 불법 물품
제작
229
무법지대 킬
17
채집
585
무법지대 데스
425
아이템 개조",0.99,approved,2026-08-16 22:40:16
outlaw_40c3df61-b6c6-458e-a3ca-e64e7b7abb71,,구만집,847,384,16,2,8.00,1511622029755809822,386043747227402245,1538545270743367720,https://cdn.discordapp.com/attachments/1511622029755809822/1538545270202048684/ESTESTSET.png?ex=6a831171&is=6a81bff1&hm=9575df27b6f18bb58b7f512a95b9c4e9ccff4bd1dfcf4a85f586675b58cd82e3&,"847
무법지대 킬
584
아이템 개조
581
채광
821
치료 받은
2314
1047
음식 섭취
낚시
7337
벌목
1022
죽음
783
323
4923
1
택배 배달
혼수 치료
절도
158
55
압수된 불법 물품
수감
3913
채집
10358
514
잠금 해제한 문
581
아이템 감정
목재 가공
NPC 아이템 감정
3478
제작
220
알바 총 수입
830
1
8
384
음료 섭취
플레이어를 수감한
압수한 불법 물품
무법지대 데스",0.99,approved,2026-08-16 22:49:41
outlaw_e1747d1e-3118-4148-ae46-2ec630980ee1,,형석,393,281,12,6,2.00,1511622029755809822,275907220032716800,1538545274652467362,https://cdn.discordapp.com/attachments/1511622029755809822/1538545274492817438/image.png?ex=6a831172&is=6a81bff2&hm=a58946e04f79a38ad8c0eb77b59bba106c174ea6827b6a82ca4403d34c5944b9&,"393
무법지대 킬
281
무법지대 데스",0.98,approved,2026-08-16 22:49:43
outlaw_1dd01823-3e77-46af-8f97-1b12fbfb853d,,박두억,1579,645,14,7,2.00,1511622029755809822,355887922597199876,1538545379417530370,https://cdn.discordapp.com/attachments/1511622029755809822/1538545379136766053/image.png?ex=6a83118b&is=6a81c00b&hm=676433523330c4ad6538be61323d3517389d2a1b71036bf4f4ab27ca054396d0&,"1579
무법지대 킬
1287
치료 받은
190
제련
645
무법지대 데스",0.97,approved,2026-08-16 22:50:07
outlaw_6bc89bb4-911b-42cc-9555-dade9e48c4e1,,만석침,1724,908,12,6,2.00,1511622029755809822,379225684242989058,1538545435210285266,https://cdn.discordapp.com/attachments/1511622029755809822/1538545434832805978/2026-08-16_225000.png?ex=6a831198&is=6a81c018&hm=53241065deeb3505f41af4d1c273815735c936a2c385950217462c3bc55aa1ad&,"1724
무법지대 킬
908
무법지대 데스",0.99,approved,2026-08-16 22:50:20
outlaw_785228a0-61cf-4f48-a207-ad3b4f241179,,조창봉,1173,853,9,9,1.00,1511622029755809822,338900767488606211,1538545779164184629,https://cdn.discordapp.com/attachments/1511622029755809822/1538545778857877614/2026-08-16_225133.png?ex=6a8311ea&is=6a81c06a&hm=dd162d36f5dcf8bada969e61fd4ec2ce554f8fc8003fb97ee97d8a9db18a56f1&,"853
무법지대 데스
1173
무법지대 킬",0.99,approved,2026-08-16 22:51:42
outlaw_a887bcf8-d0e1-46f1-836a-1de3b49192d8,,영포티,364,568,5,8,0.63,1511622029755809822,533679079388610560,1538546067900211321,https://cdn.discordapp.com/attachments/1511622029755809822/1538546067585634315/87180B08-5171-48D4-8082-1EF1525A19A5.png?ex=6a83122f&is=6a81c0af&hm=4d3d3440077718f7284b4fa63256efd09e8ccf6ec71a128135ec9372d4c42b6f&,"6728
철도
낚시
364
무법지대 킬
23560
3
568
알바 완료횟수
무법지대 데스
347
85785
목재 가공
벌목",0.98,approved,2026-08-16 22:52:52
outlaw_ce1e625d-1d5b-44cf-a179-585b1ddb8a54,,백민훈,1475,1048,3,5,0.60,1511622029755809822,348387167245959180,1538546201463619605,https://cdn.discordapp.com/attachments/1511622029755809822/1538546201119555714/image.png?ex=6a83124f&is=6a81c0cf&hm=f7c600d1cc6e711f51a519eccbca03a82afef3d09c2c86ca36432dc5b8cfa11a&,"19860
제작
1048
무법지대 데스
28
플레이어 치료
13
NPC 혼수 치료
6136
음식 섭취
35739
낚시
1475
무법지대 킬
1
악보 작곡",0.98,approved,2026-08-16 22:53:23
outlaw_68e7182b-c9ac-4f81-8ecb-ccbf3c547f61,,샹크스,502,822,11,12,0.92,1511622029755809822,411443825869848577,1538546275165675651,https://cdn.discordapp.com/attachments/1511622029755809822/1538546275010744360/image.png?ex=6a831260&is=6a81c0e0&hm=8afe30adaedf6afa457f68fd952b57f8a3589ad1e2fd09d051300cfae8c1b6aa&,"822
407
무법지대 데스
채광
9
7275
NPC 아이템 감정
채집
4740
음식 섭취
7
압수한 불법 물품
23037
절도
502
무법지대 킬",0.98,approved,2026-08-16 22:53:40
outlaw_74ae02be-0b22-44b0-a0e8-67fd6f3e0589,,햇밥,162,138,3,9,0.33,1511622029755809822,369020109399916544,1538546528774267032,https://cdn.discordapp.com/attachments/1511622029755809822/1538546528879386674/image.png?ex=6a83129d&is=6a81c11d&hm=875efc9f12c25ce71a31f31029d1b00b10caf4ce0e15792078ce0c772086c823&,"138
무법지대 데스
162
무법지대 킬",0.99,approved,2026-08-16 22:54:41
outlaw_526ee734-2575-4de8-8896-1ad42d28f853,,물소,194,188,6,7,0.86,1511622029755809822,307908333447282689,1538555345209790565,https://cdn.discordapp.com/attachments/1511622029755809822/1538555344945414144/image.png?ex=6a831ad3&is=6a81c953&hm=6afa7db356a840aacd1482bfa98de2f31fa8f642283886eb56b6476834443e53&,"194
323
무법지대 킬
아이템 개조
188
무법지대 데스",0.99,approved,2026-08-16 23:29:42
outlaw_00d1aa18-bb3a-4fbb-b611-3fcb03274880,,연우,29,56,0,0,0.00,1511622029755809822,1538094021270966336,1539358384493690912,https://cdn.discordapp.com/attachments/1511622029755809822/1539358384590033019/image.png?ex=6a8606b6&is=6a84b536&hm=b5138b4e317ee85e409bd0551876047c09f341fbb67e9529c7480cd494713a00&,"29
무법지대 킬
56
무법지대 데스",0.98,approved,2026-08-19 04:40:43
outlaw_3c00f072-8d80-4c87-9c3a-e3a1984244f5,,벚꽃,243,463,6,2,3.00,1511622029755809822,731516789917483049,1539525439511470110,https://cdn.discordapp.com/attachments/1511622029755809822/1539525439159009280/image.png?ex=6a86a24b&is=6a8550cb&hm=e45effb0c4dedc4e2bd5493a4992e2b4c2f2bb035dd9146b33607cd6fe531ce6&,"463
21
243
무법지대 데스
압수한 불법 물품
무법지대 킬",0.99,approved,2026-08-19 15:44:32
outlaw_574ee8fd-6db6-4259-b000-3cad9617d428,,박두억,1587,647,8,2,4.00,1511622029755809822,355887922597199876,1539526600750669845,https://cdn.discordapp.com/attachments/1511622029755809822/1539526600696008704/image.png?ex=6a86a360&is=6a8551e0&hm=fc8b6842bc1cb75ee95e4d999d7548bb1942c1a48c6e9d8ce7127e0259b4d1b0&,"1587
무법지대 킬
1301
치료 받은
190
제련
647
무법지대 데스",0.98,approved,2026-08-19 15:49:09
outlaw_b2e3d400-cc5d-4a7c-b4fc-f9173ae32fc2,,구만집,852,387,5,3,1.67,1511622029755809822,386043747227402245,1539526987947843584,https://cdn.discordapp.com/attachments/1511622029755809822/1539526987432071268/124124124124.png?ex=6a86a3bc&is=6a85523c&hm=ca8a68ad2d4ece0f5c803b09a1457bf323cc6374daa31a37ab0d977303c32b6c&,"852
무법지대 킬
1049
죽음
863
치료 받은
61
581
채광
2402
1047
음식 섭취
낚시
591
7337
336
아이템 개조
벌목
혼수 치료
783
5491
1
택배 배달
절도
158
565
NPC 아이템 감정
3743
수감
압수된 불법 물품
잠금 해제한 문
제작
4805
채집
10825
581
아이템 감정
목재 가공
926
음료 섭취
1
8
220
알바 총 수입
387
플레이어를 수감한
압수한 불법 물품
무법지대 데스",0.99,approved,2026-08-19 15:50:42
outlaw_ce3ff4da-0c05-43c6-a0df-8bdf0b5cdb58,,햇밥,163,143,1,5,0.20,1511622029755809822,369020109399916544,1539527370807967815,https://cdn.discordapp.com/attachments/1511622029755809822/1539527370531414036/image.png?ex=6a86a418&is=6a855298&hm=82e7a7be64ad8179b44a1916fccf28b1648cce0d9c91c84bcbe9027427403108&,"143
355
163
무법지대 킬
무법지대 데스
절도",0.98,approved,2026-08-19 15:52:14
outlaw_197f411d-5474-4999-bb28-db2632344dab,,영포티,365,571,1,3,0.33,1511622029755809822,533679079388610560,1539527971864322058,https://cdn.discordapp.com/attachments/1511622029755809822/1539527971457470495/2A6977D4-C00D-4733-AFC1-2ADFCD70DB30.png?ex=6a86a4a7&is=6a855327&hm=eb7576cc8cc6e52c1796919de93d6072d0fcc66cf118591f6da6eacf62544bd4&,"6730
절도
낚시
365
무법지대 킬
23560
3
571
알바 완료횟수
무법지대 데스
562
88806
목재 가공
벌목
3
게이",0.96,approved,2026-08-19 15:54:38
outlaw_8d5fccea-d57e-4d0d-8d33-c1afd7726df0,,서팔광,255,353,2,1,2.00,1511622029755809822,423122260669366283,1539630643330158683,https://cdn.discordapp.com/attachments/1511622029755809822/1539630642885689447/image.png?ex=6a870446&is=6a85b2c6&hm=36b22351f64aa9582a0ef5e94ca7e0305ee6edcaee3e109faaa80e83dea68164&,"8
64
10553
잠금 해제한 문
NPC 아이템 감정
아이템 감정
353
11
무법지대 데스
수감
2128
제작
255
무법지대 킬
17
압수된 불법 물품",0.99,approved,2026-08-19 22:42:44
outlaw_781ac992-03c3-41a4-92cb-69c3f545e434,,샹크스,506,830,4,8,0.50,1511622029755809822,411443825869848577,1539634634214613033,https://cdn.discordapp.com/attachments/1511622029755809822/1539634633971597332/image.png?ex=6a8707fd&is=6a85b67d&hm=a9255afbbc1589ebc1fa022ac904d44bca9ab0cb607eedd8fdf9e6c3bdcd7083&,"830
407
무법지대 데스
채광
9
7275
NPC 아이템 감정
채집
4842
음식 섭취
7
압수한 불법 물품
23547
절도
506
무법지대 킬",0.98,approved,2026-08-19 22:58:26
outlaw_07172b02-6582-4693-af68-6b71562b3b95,,벚꽃,246,467,3,4,0.75,1511622029755809822,731516789917483049,1539635653812162630,https://cdn.discordapp.com/attachments/1511622029755809822/1539635653350785194/image.png?ex=6a8708f0&is=6a85b770&hm=6ceaca220eb5636917bacba1604ee7229ba8de85b277986795bfb1706c262df3&,"467
21
246
무법지대 데스
압수한 불법 물품
무법지대 킬",0.99,approved,2026-08-19 23:02:32
outlaw_b2cf8e02-5ed0-47d0-a3ec-7769b8c6ebfc,,형석,401,286,8,5,1.60,1511622029755809822,275907220032716800,1539635670111494144,https://cdn.discordapp.com/attachments/1511622029755809822/1539635669712896020/image.png?ex=6a8708f4&is=6a85b774&hm=b79dfe4407d1722ca25903718cdea433472abe85c20eac1587ba7a07d1c1a327&,"286
무법지대 데스
401
무법지대 킬",0.99,approved,2026-08-19 23:02:35
outlaw_38a6f0bc-27a7-4a54-9be1-5f695f7281a8,,구만집,861,390,9,3,3.00,1511622029755809822,386043747227402245,1539635676394430515,https://cdn.discordapp.com/attachments/1511622029755809822/1539635676402815178/czczczc.png?ex=6a8708f6&is=6a85b776&hm=dc647ca15a77fa1bb358d26ae66019e973a5e3da3727a7dfab9c73ac0d6f636c&,"861
무법지대 킬
1058
죽음
581
채광
2417
1047
음식 섭취
낚시
591
7337
338
아이템 개조
벌목
혼수 치료
869
783
5491
1
치료 받은
택배 배달
절도
61
158
565
NPC 아이템 감정
3743
수감
압수된 불법 물품
잠금 해제한 문
제작
4805
채집
10825
581
아이템 감정
목재 가공
220
알바 총 수입
939
8
390
음료 섭취
플레이어를 수감한
압수한 불법 물품
무법지대 데스",0.98,approved,2026-08-19 23:02:38
outlaw_dc44b65f-484d-4b12-b0f5-261fc03711ad,,백민훈,1485,1053,10,5,2.00,1511622029755809822,348387167245959180,1539635682966773930,https://cdn.discordapp.com/attachments/1511622029755809822/1539635682677629091/image.png?ex=6a8708f7&is=6a85b777&hm=7d4b8ec8dcadd081a8ef28dbd16a420ef10aaf2b7a8fa27628bf9e485cddbe25&,"19914
제작
1053
무법지대 데스
28
플레이어 치료
13
NPC 혼수 치료
6155
음식 섭취
36046
낚시
1485
무법지대 킬
1
악보 작곡",0.98,approved,2026-08-19 23:02:41
outlaw_1ea32f82-951c-4006-a7f5-50c09c5dd0f7,,조창봉,1183,858,10,5,2.00,1511622029755809822,338900767488606211,1539635726034010162,https://cdn.discordapp.com/attachments/1511622029755809822/1539635725677498419/2026-08-19_230239.png?ex=6a870902&is=6a85b782&hm=ef60ecd6039f926d4037b83d2b21af9e5dca89f0522f051ec922a3ab15424985&,"858
무법지대 데스
1183
무법지대 킬",0.99,approved,2026-08-19 23:02:48
outlaw_aa28b239-43e0-4300-adf5-6a6dad417b98,,김공찬,21,39,1,5,0.20,1511622029755809822,291170479916580865,1539635803435565137,https://cdn.discordapp.com/attachments/1511622029755809822/1539635803024527390/image.png?ex=6a870914&is=6a85b794&hm=0f1f353ee259cb5ad794c69b6051195a828003d5ea558dfcacfafe3ef91e3a07&,"39
무법지대 데스
1477
목재가공
694
음식 섭취
4747
채광
12
혼수 치료
70
낚시
687
제련
21
무법지대 킬",0.98,approved,2026-08-19 23:03:06
outlaw_efc46599-87a6-4bc0-bb57-030205f556f8,,화윤,233,589,4,4,1.00,1511622029755809822,515752022864035850,1539635978489303131,https://cdn.discordapp.com/attachments/1511622029755809822/1539635978052837406/image.png?ex=6a87093e&is=6a85b7be&hm=fa817abe0760b6d742df040aa8fb225f480322a64247a56e3e59398b69d20481&,"1949
33963
음료 섭취
벌목
14
9182
압수한 불법 물품
제작
233
무법지대 킬
328
채집
589
무법지대 데스
426
아이템 개조",0.99,approved,2026-08-19 23:03:47
outlaw_d1a6cb44-b078-4886-908d-baec18448b33,,만석침,1739,910,15,2,7.50,1511622029755809822,379225684242989058,1539636509362364477,https://cdn.discordapp.com/attachments/1511622029755809822/1539636508921700473/2026-08-19_230531.png?ex=6a8709bc&is=6a85b83c&hm=7902dadb79d15ac9a6f250c528ad9401440140940c7be8c3410a96be508b5deb&,"1739
무법지대 킬
910
무법지대 데스",0.99,approved,2026-08-19 23:05:56
outlaw_1d411d44-75a6-4701-9612-6f003b7c339f,,영포티,366,576,1,5,0.20,1511622029755809822,533679079388610560,1539636712462884967,https://cdn.discordapp.com/attachments/1511622029755809822/1539636712312016976/99984614-CA47-46EF-A3F9-7D49CD2E20C2.png?ex=6a8709ed&is=6a85b86d&hm=9bff79c62fd0112053e6329508512661ad9d7a08ebb007e0b8902b5704ec11fc&,"6730
절도
낚시
366
무법지대 킬
23560
3
576
알바 완료횟수
무법지대 데스
562
89122
목재 가공
벌목
()
게임 종료하기
FiveM* (b3751)
www.lace",0.94,approved,2026-08-19 23:06:43
outlaw_fa977b5b-3e7e-4ca1-9223-6e65691d98da,,ෆ야미ෆ,472,837,5,6,0.83,1511622029755809822,483558977431666689,1539715288713666570,https://cdn.discordapp.com/attachments/1511622029755809822/1539715288285712546/image.png?ex=6a87531b&is=6a86019b&hm=d0a5f85c3b84845aee8169ad178dc7f2bc6e957d23e61bf6145706d19348111e&,"472
무법지대 킬
1040
택배 배달
23046
벌목
1368
채집
66
수감
16961
제작
220
알바 총 수입
837
무법지대 데스",0.99,approved,2026-08-20 04:18:57
outlaw_b0d2caf2-8822-44db-8158-3ebcb9c68338,,구만집,870,393,9,3,3.00,1511622029755809822,386043747227402245,1540251683664306226,https://cdn.discordapp.com/attachments/1511622029755809822/1540251683307655209/3124141241.png?ex=6a8946a9&is=6a87f529&hm=936c2e4d09bfaf5445e06faddbac1df3f987a6ff5bbdb566de4736113f1413a3&,"870
581
무법지대 킬
채광
1078
죽음
7566
벌목
783
택배 배달
172
348
혼수 치료
608
2451
1047
음식 섭취
낚시
592
887
아이템 개조
치료 받은
5738
절도
66
압수된 불법 물품
잠금 해제한 문
수감
4805
채집
11181
581
아이템 감정
목재 가공
1
NPC 아이템 감정
3980
제작
220
알바 총 수입
986
8
393
음료 섭취
플레이어를 수감한
압수한 불법 물품
무법지대 데스",0.98,approved,2026-08-21 15:50:23
outlaw_20c92ce6-4809-477a-917e-4d7181a982c2,,샹크스,507,837,1,7,0.14,1511622029755809822,411443825869848577,1540252194849292372,https://cdn.discordapp.com/attachments/1511622029755809822/1540252194560016534/image.png?ex=6a894723&is=6a87f5a3&hm=c51619bdf70d71ddb33cf49315ad35b77dada5fdb876782864a90c6f6439c5c6&,"837
무법지대 데스
407
채광
9
NPC 아이템 감정
7275
채집
4896
음식 섭취
7
압수한 불법 물품
24055
절도
507
무법지대 킬",0.98,approved,2026-08-21 15:52:24
outlaw_1fe62f6e-f7a3-4a89-96a7-4f3826cf7d46,,김공찬,24,44,3,5,0.60,1511622029755809822,291170479916580865,1540252267536580689,https://cdn.discordapp.com/attachments/1511622029755809822/1540252267486253127/image.png?ex=6a894735&is=6a87f5b5&hm=d65b2bac38b5df4f07cf663be5c3ec8eb30af0363df9188a4337b6179114aea0&,"44
무법지대 데스
1568
목재 가공
42
치료 받은
20432
벌목
12
혼수 치료
70
낚시
687
제련
24
무법지대 킬",0.98,approved,2026-08-21 15:52:40
outlaw_fb9cad23-2ff9-4124-968c-5ee0dcdddde6,,벚꽃,246,474,0,7,0.00,1511622029755809822,731516789917483049,1540252287400943677,https://cdn.discordapp.com/attachments/1511622029755809822/1540252287115599912/image.png?ex=6a894739&is=6a87f5b9&hm=582ca46df05d6a471237b1ff88dce14a61f605fd8ca205d73a8b8715d4620c27&,"474
21
246
무법지대 데스
압수한 불법 물품
무법지대 킬",0.99,approved,2026-08-21 15:52:45
outlaw_6d6d6274-19df-4b40-bcb5-0ce5364f492a,,영포티,369,578,3,2,1.50,1511622029755809822,533679079388610560,1540252448420139008,https://cdn.discordapp.com/attachments/1511622029755809822/1540252448009232404/C2F6953D-68AE-4DA6-911D-2C7FCB8F3578.png?ex=6a894760&is=6a87f5e0&hm=a30763c940285da254b6e0d954509cfe588326b7939692f52d0e2e30cfc1139b&,"6730
철도
369
무법지대 킬
23560
3
578
낚시
알바 완료횟수
무법지대 데스
753
90523
목재 가공
벌목
게임 종료",0.98,approved,2026-08-21 15:53:24
outlaw_a180c6bc-812f-45e1-a3d6-0ae6c61e6190,,햇밥,173,146,10,3,3.33,1511622029755809822,369020109399916544,1540252515545907201,https://cdn.discordapp.com/attachments/1511622029755809822/1540252515273154630/image.png?ex=6a894770&is=6a87f5f0&hm=71acaa11f05681ee689ab2675dd182c778047c105294e190ccf398789db4f029&,"146
무법지대 데스
408
절도
12
1 수
수감
173
무법지대 킬",0.93,approved,2026-08-21 15:53:40
outlaw_f04f960b-6234-4460-8326-8409e762ceb9,,박두억,1600,653,13,6,2.17,1511622029755809822,355887922597199876,1540254063164129331,https://cdn.discordapp.com/attachments/1511622029755809822/1540254062581260289/image.png?ex=6a8948e1&is=6a87f761&hm=35eb46e045658185d769f99958312157b8bfd4ad5eeab365a403f69aefe06434&,"1600
무법지대 킬
1143
잠금 해제한 문
190
제련
653
무법지대 데스",0.98,approved,2026-08-21 15:59:49
outlaw_25a933da-1c51-4640-b347-481e02cd5eb4,,화윤,234,595,1,6,0.17,1511622029755809822,515752022864035850,1540258939000594442,https://cdn.discordapp.com/attachments/1511622029755809822/1540258938702794762/image.png?ex=6a894d6b&is=6a87fbeb&hm=f4186f006bdbe2a99e08bd08556052537c4647fae40cbca50e1d18340d4e10db&,"1949
33963
음료 섭취
벌목
14
9304
압수한 불법 물품
제작
595
234
무법지대 데스
무법지대 킬
328
채집
430
아이템 개조",0.99,approved,2026-08-21 16:19:11
outlaw_e06915d5-ea8e-4f94-b0a8-c0de578c9a18,,박두억,1612,659,12,6,2.00,1511622029755809822,355887922597199876,1540361158845014086,https://cdn.discordapp.com/attachments/1511622029755809822/1540361158349820004/image.png?ex=6a89ac9e&is=6a885b1e&hm=c7887e41fbd9e58ba7439c2d7ec59d780dab36780ba116ac5ac91bd015a5081c&,"1612
무법지대 킬
1143
잠금 해제한 문
190
제련
659
무법지대 데스",0.98,approved,2026-08-21 23:05:24
outlaw_bb2d4183-9194-4ac0-8f3d-6b6e88770a4e,,영포티,371,585,2,7,0.29,1511622029755809822,533679079388610560,1540361219687583937,https://cdn.discordapp.com/attachments/1511622029755809822/1540361219175620618/3DCC8395-007A-4370-A6D9-59BA0EF0F467.png?ex=6a89acad&is=6a885b2d&hm=801b66a22427545bc5e5ba939e414a13d5ed640cfc6b45f1317ff1a103cb8220&,"6730
절도
371
무법지대 킬
23560
3
585
낚시
알바 완료횟수
무법지대 데스
753
91233
목재 가공
벌목",0.97,approved,2026-08-21 23:05:37
outlaw_f618ec58-5c3e-4122-b357-4ef725b589df,,백민훈,1492,1061,7,8,0.88,1511622029755809822,348387167245959180,1540361355687886909,https://cdn.discordapp.com/attachments/1511622029755809822/1540361355373183066/image.png?ex=6a89accd&is=6a885b4d&hm=10d5f0adf378f67b987eab40ba186b0398eaeb52c90d87e07f037694770751f7&,"19914
제작
1061
무법지대 데스
28
플레이어 치료
13
NPC 혼수 치료
6175
음식 섭취
36317
낚시
1492
무법지대 킬
1
악보 작곡",0.98,approved,2026-08-21 23:06:10
outlaw_048cd77f-73d3-463a-8a72-17fbbf67e58c,,김공찬,26,51,2,7,0.29,1511622029755809822,291170479916580865,1540361460872519782,https://cdn.discordapp.com/attachments/1511622029755809822/1540361460532646009/image.png?ex=6a89ace6&is=6a885b66&hm=ba37772c4f25fac1ee43b78dc007e86be1ff3d12df577e77fae2aeb02cec4def&,"51
무법지대 데스
1568
목재 가공
43
치료 받은
20866
벌목
12
혼수 치료
70
낚시
687
제련
26
무법지대 킬",0.98,approved,2026-08-21 23:06:35
outlaw_af04c8f7-c218-4359-84c5-3c641ac5b2e4,,샹크스,508,844,1,7,0.14,1511622029755809822,411443825869848577,1540361946799411260,https://cdn.discordapp.com/attachments/1511622029755809822/1540361946467934218/image.png?ex=6a89ad5a&is=6a885bda&hm=4389a88cdb1be0e62ef9832b969b37d41adaabcf7e6cb9b45932793eead6dbf7&,"24224
절도
508
무법지대 킬
844
무법지대 데스",0.97,approved,2026-08-21 23:08:30
outlaw_448fc54e-c08f-4e0b-967d-dc5403dc5915,,형석,409,293,8,7,1.14,1511622029755809822,275907220032716800,1540362285137137755,https://cdn.discordapp.com/attachments/1511622029755809822/1540362284709453854/image.png?ex=6a89adab&is=6a885c2b&hm=0559917e0a4fc0ece87ff5141e17f0814a208032a39cc2b5f16c420316605c49&,"409
무법지대 킬
293
무법지대 데스",0.98,approved,2026-08-21 23:09:52
outlaw_70dfacf3-3e0b-4cb9-b6e0-d2d0b5a71764,,햇밥,187,153,14,7,2.00,1511622029755809822,369020109399916544,1540363754737377380,https://cdn.discordapp.com/attachments/1511622029755809822/1540363754301292544/image.png?ex=6a89af09&is=6a885d89&hm=b178d3130d0c125b4bff15297c42a2ba35ad2eeeb8563f678204d5544cf3bb55&,"153
408
무법지대 데스
절도
12
수감
187
무법지대 킬",0.98,approved,2026-08-21 23:15:42
outlaw_56565fbe-748f-4ffc-a963-565f6d8878c3,,만석침,1750,915,11,5,2.20,1511622029755809822,379225684242989058,1540364019943219211,https://cdn.discordapp.com/attachments/1511622029755809822/1540364019435700225/2026-08-21_231556.png?ex=6a89af48&is=6a885dc8&hm=6a802c7387e1c4668fb7eecdc3578bf11965db3d65167fc7c667f7c6960585a0&,"1750
무법지대 킬
915
무법지대 데스",0.99,approved,2026-08-21 23:16:45
outlaw_5ac23826-236d-457d-b1ac-e71cc211c06e,,구만집,884,401,14,8,1.75,1511622029755809822,386043747227402245,1540365765562335402,https://cdn.discordapp.com/attachments/1511622029755809822/1540365765172002846/AWDA1.png?ex=6a89b0e9&is=6a885f69&hm=27645a6e35eed94cd695ca2a3c8967c9e97589cccd48d2867429b31c324230c5&,"884
581
무법지대 킬
채광
7566
벌목
1089
죽음
172
592
2460
1047
음식 섭취
낚시
888
아이템 개조
치료 받은
783
택배 배달
348
5806
1
혼수 치료
절도
626
66
압수된 불법 물품
잠금 해제한 문
수감
4805
채집
1004
11244
581
아이템 감정
목재 가공
1
8
NPC 아이템 감정
4104
제작
220
알바 총 수입
401
음료 섭취
플레이어를 수감한
압수한 불법 물품
무법지대 데스",0.99,approved,2026-08-21 23:23:42
outlaw_8c14d01d-d779-49cb-80b7-63b9324dab5d,,조창봉,1194,866,11,8,1.38,1511622029755809822,338900767488606211,1540365949214007416,https://cdn.discordapp.com/attachments/1511622029755809822/1540365948824060015/2026-08-21_23232733123.png?ex=6a89b114&is=6a885f94&hm=de47bcbc5b4869d2a6ba4443aefb76f4d84745eec9b04ce4267211c17239f290&,"866
무법지대 데스
1194
무법지대 킬",0.99,approved,2026-08-21 23:24:26
outlaw_88c78633-a6f3-4783-868c-967f6e73b508,,벚꽃,247,479,1,5,0.20,1511622029755809822,731516789917483049,1540578170107863051,https://cdn.discordapp.com/attachments/1511622029755809822/1540578169831030814/image.png?ex=6a8a76ba&is=6a89253a&hm=ec142c464fe8ec08fa851db9ab1a0da5210cfbdeedff8047ea1d8cc94ad391eb&,"479
21
247
무법지대 데스
압수한 불법 물품
무법지대 킬",0.99,approved,2026-08-22 13:27:44
outlaw_a8b070d2-53c3-422c-b1bd-c536950ede8a,,벚꽃,254,487,7,8,0.88,1511622029755809822,731516789917483049,1540613337329438762,https://cdn.discordapp.com/attachments/1511622029755809822/1540613336901881896/image.png?ex=6a8a977a&is=6a8945fa&hm=13a96ffe3690c170505d6466db7e1d3ae022ca98f88040a033ad53009576f413&,"487
21
무법지대 데스
압수한 불법 물품
254
무법지대 킬",0.99,approved,2026-08-22 15:47:26
outlaw_b6ca2296-0f30-4f0d-85f9-dbf1decd8d77,,만석침,1765,924,15,9,1.67,1511622029755809822,379225684242989058,1540613394816704582,https://cdn.discordapp.com/attachments/1511622029755809822/1540613394522963988/2026-08-22_154725.png?ex=6a8a9788&is=6a894608&hm=382ef10f53aa95571c3cfaa1c4965a474f272f06a293bd5f1303d1c6fd7e4283&,"1765
무법지대 킬
924
무법지대 데스",0.99,approved,2026-08-22 15:47:41
outlaw_ad332ded-819c-45f5-a315-9bd3d4bde52e,,샹크스,517,852,9,8,1.13,1511622029755809822,411443825869848577,1540613732860956682,https://cdn.discordapp.com/attachments/1511622029755809822/1540613732525408296/image.png?ex=6a8a97d9&is=6a894659&hm=63f76810e700d1c7f0aee08bacc7e462d19c8cb65fa5f270e58a7635ffb6e6d9&,"24348
절도
517
무법지대 킬
852
무법지대 데스",0.98,approved,2026-08-22 15:49:00
outlaw_8cc3c0b0-1828-4cfa-8091-93a8a0d19114,,연우,34,65,5,9,0.56,1511622029755809822,1538094021270966336,1540613853430419536,https://cdn.discordapp.com/attachments/1511622029755809822/1540613853153464390/image.png?ex=6a8a97f5&is=6a894675&hm=09a84dd84003de0d8faebfbf578c365964852112c501d6b2b305f1324ad463eb&,"24
수감
65
무법지대 데스
2901
목재가공
34
무법지대 킬
1085
절도
125
치료 받은",0.98,approved,2026-08-22 15:49:29
outlaw_410dd5f0-ea69-4458-89d7-11eedeb9050f,,김공찬,26,56,0,5,0.00,1511622029755809822,291170479916580865,1540614057776779367,https://cdn.discordapp.com/attachments/1511622029755809822/1540614057793552384/image.png?ex=6a8a9826&is=6a8946a6&hm=477158eb7f7cca1b6ad2eab8eef2df6bb54a0ff731716f51914fc5ac0840afb4&,"56
무법지대 데스
4747
채광
1757
목재 가공
21254
벌목
735
음식 섭취
70
낚시
687
제련
26
무법지대 킬",0.98,approved,2026-08-22 15:50:18
outlaw_18bb7b9c-2492-4dc4-b532-cd7f3e2b5a49,,조창봉,1206,873,12,7,1.71,1511622029755809822,338900767488606211,1540614121425211393,https://cdn.discordapp.com/attachments/1511622029755809822/1540614121165299712/2026-08-22_154949.png?ex=6a8a9835&is=6a8946b5&hm=6e3d2e43578f8d31ae1cba0b89274a959ad3035f45ce48c976fe19f2b4763bc5&,"873
무법지대 데스
1206
무법지대 킬",0.99,approved,2026-08-22 15:50:34
outlaw_7ed63fdb-ac57-4ffc-b159-587dcc700783,,박두억,1625,667,13,8,1.63,1511622029755809822,355887922597199876,1540614818988560424,https://cdn.discordapp.com/attachments/1511622029755809822/1540614818510405642/image.png?ex=6a8a98db&is=6a89475b&hm=1bbd393497cad1141612f47380fa2bc2f0f6552f3f987fa71ee745ddfb9a9b88&,"1625
무법지대 킬
1143
잠금 해제한 문
190
제련
667
무법지대 데스",0.98,approved,2026-08-22 15:53:20
outlaw_c57478ea-c4c9-4551-8814-e0500d69976a,,백민훈,1497,1070,5,9,0.56,1511622029755809822,348387167245959180,1540621402091298877,https://cdn.discordapp.com/attachments/1511622029755809822/1540621401789304922/image.png?ex=6a8a9efd&is=6a894d7d&hm=8022e35ecbe0990480ac80ee7d77f1c6e20237685760c9c65add56352fcafdd1&,"19918
제작
1070
무법지대 데스
28
플레이어 치료
13
NPC 혼수 치료
6197
음식 섭취
36317
낚시
1497
무법지대 킬
1
악보 작곡",0.98,approved,2026-08-22 16:19:29
outlaw_2d1da6a6-b1d0-406d-8693-1c25bd1a46a1,,김안녕*,85,434,13,32,0.41,1511622029755809822,1430242889832857631,1540639981968560209,https://cdn.discordapp.com/attachments/1511622029755809822/1540639981935271976/image.png?ex=6a8ab04b&is=6a895ecb&hm=2a6c9db043b3dd2eab974f231331daf20ec70829d00f4854893a6c0663a4e8b9&,"434
4728
85
무법지대 킬
무법지대 데스
제작",0.98,approved,2026-08-22 17:33:18
outlaw_3dcb122a-6cfe-4b79-a282-e14c9996a11c,,화윤,235,597,1,2,0.50,1511622029755809822,515752022864035850,1540716800554045521,https://cdn.discordapp.com/attachments/1511622029755809822/1540716800126230579/image.png?ex=6a8af7d6&is=6a89a656&hm=7ebc0ed24b3404c0299ceaa790b4498145d11b63634cb8b99d81f832b5ea7247&,"1949
33963
음료 섭취
벌목
14
9422
압수한 불법 물품
제작
235
597
무법지대 킬
무법지대 데스
328
채집
432
아이템 개조",0.99,approved,2026-08-22 22:38:35
outlaw_f0e0131b-134a-4f10-b959-557be410de6a,,박두억,1629,671,4,4,1.00,1511622029755809822,355887922597199876,1540717264784068749,https://cdn.discordapp.com/attachments/1511622029755809822/1540717264771227778/image.png?ex=6a8af845&is=6a89a6c5&hm=6e06e00cddd26abbc52165d441c3739af489612def5ab36144c652478ef44cb9&,"1629
무법지대 킬
1143
잠금 해제한 문
190
제련
671
무법지대 데스",0.98,approved,2026-08-22 22:40:25
outlaw_3ba4041e-1584-45bf-9b49-f59cc2ba2a3a,,형석,416,295,7,2,3.50,1511622029755809822,275907220032716800,1540717711041105930,https://cdn.discordapp.com/attachments/1511622029755809822/1540717710751563986/image.png?ex=6a8af8af&is=6a89a72f&hm=82b7deb160405e0da2c2ecb2fa98743125c11b1582b4e75f8be42847bc3e22fd&,"295
무법지대 데스
416
무법지대 킬",0.98,approved,2026-08-22 22:42:11
outlaw_2791c90c-8007-4946-8536-a4f2ceae3ce6,,백민훈,1502,1077,5,7,0.71,1511622029755809822,348387167245959180,1540717709682016307,https://cdn.discordapp.com/attachments/1511622029755809822/1540717709501669477/image.png?ex=6a8af8af&is=6a89a72f&hm=1ff99e1bc8e34126edc2b5b6ab7b64fd00203c925b5d1040f35368f871bba52b&,"19918
제작
1077
무법지대 데스
28
플레이어 치료
13
NPC 혼수 치료
6210
음식 섭취
36317
낚시
1502
무법지대 킬
1
악보 작곡",0.98,approved,2026-08-22 22:42:12
outlaw_eee5a557-db66-4677-a38b-73d596f05f70,,김공찬,26,60,0,4,0.00,1511622029755809822,291170479916580865,1540718208359604224,https://cdn.discordapp.com/attachments/1511622029755809822/1540718208066134087/image.png?ex=6a8af925&is=6a89a7a5&hm=92d67ac96e9e9b7b7016d423a1029203e81ccaa560654bc3df1a01260e46073a&,"60
무법지대 데스
1863
목재 가공
4747
채광
22025
벌목
750
음식 섭취
70
낚시
687
제련
26
무법지대 킬",0.98,approved,2026-08-22 22:44:10
outlaw_0af5556a-4470-42b6-9158-2d751db76aa7,,연우,37,70,3,5,0.60,1511622029755809822,1538094021270966336,1540734080356720792,https://cdn.discordapp.com/attachments/1511622029755809822/1540734080260509788/image.png?ex=6a8b07ee&is=6a89b66e&hm=e2420bf85a8c3f984658d1782adecef1c136bd489f03b86db9babb14f01fd42c&,"25
수감
70
무법지대 데스
2901
목재 가공
1215
절도
37
무법지대 킬
128
치료 받은",0.98,approved,2026-08-22 23:47:14
outlaw_0b11ee8f-be65-411c-8f37-b958ad178a66,,백민훈,1510,1081,8,4,2.00,1511622029755809822,348387167245959180,1540975483297075230,https://cdn.discordapp.com/attachments/1511622029755809822/1540975482818928651/image.png?ex=6a8be8c1&is=6a8a9741&hm=09dc7c77cbd5de0f341b0c2f835602bb5b724ee4e1e61032a199383ccf7909a5&,"19943
제작
1081
무법지대 데스
28
플레이어 치료
13
NPC 혼수 치료
6227
음식 섭취
36317
낚시
1510
무법지대 킬
1
악보 작곡",0.99,approved,2026-08-23 15:46:30
outlaw_61cc18bc-6272-422a-b68f-a58172afabd7,,형석,433,297,17,2,8.50,1511622029755809822,275907220032716800,1540975687815536650,https://cdn.discordapp.com/attachments/1511622029755809822/1540975687417073674/image.png?ex=6a8be8f1&is=6a8a9771&hm=6b1f5c90de54ff1a94c4d9861409354e39efd04306e51222d1b5410d5090b5d6&,"433
무법지대 킬
297
무법지대 데스",0.99,approved,2026-08-23 15:47:18
outlaw_3e91d3d1-7373-4921-ae7e-d7fa8e25109c,,만석침,1777,926,12,2,6.00,1511622029755809822,379225684242989058,1540976485349982248,https://cdn.discordapp.com/attachments/1511622029755809822/1540976485039611995/2026-08-23_155007.png?ex=6a8be9af&is=6a8a982f&hm=865d2d9d0e7303e6bbbc57519e8866b0eeeca4ad088984ecf04203f451186034&,"1777
무법지대 킬
926
무법지대 데스",0.98,approved,2026-08-23 15:50:27
outlaw_66dbe166-498d-4a57-a529-3dbca281654a,,연우,41,76,4,6,0.67,1511622029755809822,1538094021270966336,1540977738347847733,https://cdn.discordapp.com/attachments/1511622029755809822/1540977738184396840/image.png?ex=6a8beada&is=6a8a995a&hm=c733b9b022b2096758db63ce89f6c9ad3cbd53d52f62a9715309528101734ccf&,"25
2901
41
수감
목재가공
무법지대 킬
54
1245
혼수 치료
절도
131
76
무법지대 데스
109
치료 받은
죽음",0.98,approved,2026-08-23 15:55:26
outlaw_d89fc3bd-8411-410b-9e1c-4c4052dfc138,,샹크스,518,857,1,5,0.20,1511622029755809822,411443825869848577,1540977864516833401,https://cdn.discordapp.com/attachments/1511622029755809822/1540977864219041842/image.png?ex=6a8beaf8&is=6a8a9978&hm=44afffc75bffe556ddd4ccff577660ec6351c608a3c41524464cfe803e5e15fd&,"24555
절도
518
무법지대 킬
857
무법지대 데스",0.97,approved,2026-08-23 15:55:56
outlaw_63f7e572-0e5c-4e29-8629-7690626d0c5b,,조창봉,1219,876,13,3,4.33,1511622029755809822,338900767488606211,1540978548490117250,https://cdn.discordapp.com/attachments/1511622029755809822/1540978548221673473/2026-08-23_155523124.png?ex=6a8beb9b&is=6a8a9a1b&hm=16d9f15e5d539e541dfba67e1dd5ac95b408c39d5d77c1ed6345ac356d7dfae3&,"876
무법지대 데스
1219
무법지대 킬",0.99,approved,2026-08-23 15:58:40
outlaw_21290e92-3fa4-490c-8268-3fafab30ac83,,구만집,887,402,3,1,3.00,1511622029755809822,386043747227402245,1540981795015893103,https://cdn.discordapp.com/attachments/1511622029755809822/1540981794621497434/2026-08-23_161108.png?ex=6a8beea1&is=6a8a9d21&hm=b2028022b0827d7ce22727de76ca3c923d6113099b45751f018668b895f17b0d&,"887
581
무법지대 킬
채광
1096
죽음
783
택배 배달
172
889
2471
1047
음식 섭취
낚시
7566
치료 받은
벌목
349
혼수 치료
599
5810
1
아이템 개조
절도
67
압수된 불법 물품
수감
4805
채집
11244
626
잠금 해제한 문
581
아이템 감정
목재 가공
NPC 아이템 감정
4104
제작
220
알바 총 수입
1010
1
8
402
음료 섭취
플레이어를 수감한
압수한 불법 물품
무법지대 데스",0.98,approved,2026-08-23 16:11:34
outlaw_b7b25375-fa07-47f8-825b-96ea58d1750f,,박두억,1646,672,17,1,17.00,1511622029755809822,355887922597199876,1540984340434001931,https://cdn.discordapp.com/attachments/1511622029755809822/1540984340320616628/image.png?ex=6a8bf100&is=6a8a9f80&hm=dbf0e1180e46857a8184c1f81d4c8d94ca3cd99d828ed87e2a7383a31f3f188c&,"1646
무법지대 킬
1143
잠금 해제한 문
190
제련
672
무법지대 데스",0.98,approved,2026-08-23 16:21:40
outlaw_d19a3bd4-d333-4c3c-a188-3eb473351aa3,,햇밥,195,155,8,2,4.00,1511622029755809822,369020109399916544,1541081711612264448,https://cdn.discordapp.com/attachments/1511622029755809822/1541081710228152320/image.png?ex=6a8c4baf&is=6a8afa2f&hm=3047e6811aa35470d9487a9e2fca8dd698d21ba182916cd85bc344f45372a6f5&,"155
408
무법지대 데스
절도
12
수감
195
무법지대 킬",0.98,approved,2026-08-23 22:48:36
outlaw_e528cd48-098c-4f20-8d56-f99ede080d37,,화윤,236,600,1,3,0.33,1511622029755809822,515752022864035850,1541082130157936744,https://cdn.discordapp.com/attachments/1511622029755809822/1541082129767862352/image.png?ex=6a8c4c13&is=6a8afa93&hm=f4ff498998a0322b2b10af29b645c9ea58bccbdd84d4c19ee6d7b44dda430a37&,"1949
33963
음료 섭취
벌목
14
9582
압수한 불법 물품
제작
600
236
무법지대 데스
무법지대 킬
328
채집
435
아이템 개조",0.99,approved,2026-08-23 22:50:16
outlaw_b40d4da0-ae9f-46d3-82ca-fb27c600c20a,,박두억,1659,676,13,4,3.25,1511622029755809822,355887922597199876,1541082490981064794,https://cdn.discordapp.com/attachments/1511622029755809822/1541082490586792006/image.png?ex=6a8c4c69&is=6a8afae9&hm=8fee0f9111cc99a1d50383a5cfaa32d83e8d7781a3903d689e40668d21beb5b7&,"1659
무법지대 킬
1143
잠금 해제한 문
190
제련
676
무법지대 데스",0.98,approved,2026-08-23 22:51:42
outlaw_ae1afeeb-609d-4b90-87b1-2e0d552c9841,,햇밥,197,156,2,1,2.00,1511622029755809822,369020109399916544,1541082534245306448,https://cdn.discordapp.com/attachments/1511622029755809822/1541082533930868756/image.png?ex=6a8c4c74&is=6a8afaf4&hm=bd8ce9d0c66f1a3c836675ab9e49632b83caf9cfbe768828fa4b032325372d0f&,"156
408
무법지대 데스
절도
12
수감
197
무법지대 킬",0.98,approved,2026-08-23 22:51:52
outlaw_3dc0541e-d7ab-460a-82da-26e95a582925,,연우,46,80,5,4,1.25,1511622029755809822,1538094021270966336,1541082618559336550,https://cdn.discordapp.com/attachments/1511622029755809822/1541082618198753300/image.png?ex=6a8c4c88&is=6a8afb08&hm=6615cce935ef8949e81b05b51416d44182e07b574f97bc6ff049fc7aa074c162&,"26
수감
56
2901
목재가공
1321
혼수 치료
절도
46
46
무법지대 킬
80
00
무법지대 데스
137
113
치료 받은
죽음",0.95,approved,2026-08-23 22:52:12
outlaw_4248e31a-8056-40a5-b808-0575c65f4563,,형석,444,302,11,5,2.20,1511622029755809822,275907220032716800,1541082628248305834,https://cdn.discordapp.com/attachments/1511622029755809822/1541082627899924601/image.png?ex=6a8c4c8a&is=6a8afb0a&hm=a8d15e9dcde60ce3efe2b4a64f54459922535f82c30899c049703862e51b539d&,"302
무법지대 데스
444
무법지대 킬",0.99,approved,2026-08-23 22:52:14
outlaw_779fe655-000b-405a-aab0-950549935056,,영포티,375,590,4,5,0.80,1511622029755809822,533679079388610560,1541082958104891393,https://cdn.discordapp.com/attachments/1511622029755809822/1541082957849174077/0C64F04A-CBC5-4FD6-A538-29CEA7269C42.png?ex=6a8c4cd9&is=6a8afb59&hm=dfadfbd65a3d45fc31744c72cafcde20c067cca88a2520d992f644c085cf8f68&,"6730
절도
375
무법지대 킬
23560
3
590
낚시
알바 완료횟수
무법지대 데스
937
93838
목재 가공
벌목
이조",0.95,approved,2026-08-23 22:53:33
outlaw_c45b21d5-e93d-49cb-ae62-9be8a2329085,,만석침,1785,932,8,6,1.33,1511622029755809822,379225684242989058,1541083008617021502,https://cdn.discordapp.com/attachments/1511622029755809822/1541083008650453032/2026-08-23_225332.png?ex=6a8c4ce5&is=6a8afb65&hm=8993a548173f5a6ef4d1adada386c24189dde598f84492406772c282e5e3dc66&,"1785
무법지대 킬
932
무법지대 데스",0.99,approved,2026-08-23 22:53:45
outlaw_7e89c203-90e3-485b-a27d-547df560997b,,샹크스,521,860,3,3,1.00,1511622029755809822,411443825869848577,1541083020919054367,https://cdn.discordapp.com/attachments/1511622029755809822/1541083020600156180/image.png?ex=6a8c4ce8&is=6a8afb68&hm=4c93f59ec26f22b09e8c3fb91a8ce525ab7bdb972dc04aa4cfbb1603b6b53ded&,"24677
절도
521
무법지대 킬
860
무법지대 데스",0.97,approved,2026-08-23 22:53:47
outlaw_f9099b93-921a-4e14-9d0e-af0b665aad45,,조창봉,1229,880,10,4,2.50,1511622029755809822,338900767488606211,1541084298247929956,https://cdn.discordapp.com/attachments/1511622029755809822/1541084297853669426/11234.png?ex=6a8c4e18&is=6a8afc98&hm=10e47464de1f09d50569f4c72447d3260c212073f39361733d10b122d570990a&,"880
무법지대 데스
1229
무법지대 킬",0.99,approved,2026-08-23 22:58:51
outlaw_9b44b264-4b16-4fcb-a663-bd5781019fba,,구만집,896,406,9,4,2.25,1511622029755809822,386043747227402245,1541091209588641823,https://cdn.discordapp.com/attachments/1511622029755809822/1541091209236193360/999999999999.png?ex=6a8c5488&is=6a8b0308&hm=0f0f1670db9d4cb5850d0fdadbcb84adedda211a2f5ce59d7bab2d07bd0a1dcf&,"896
581
무법지대 킬
채광
1100
죽음
7566
벌목
2486
1047
음식 섭취
낚시
352
혼수 치료
783
택배 배달
603
895
5885
아이템 개조
치료 받은
절도
NPC 아이템 감정
172
68
641
4227
압수된 불법 물품
수감
잠금 해제한 문
제작
4805
채집
1010
11486
581
아이템 감정
목재 가공
8
220
알바 총 수입
406
음료 섭취
플레이어를 수감한
압수한 불법 물품
무법지대 데스",0.98,approved,2026-08-23 23:26:20